"filename","mis"
"__32_soc_MIS_CPP_E_Data_IntType_Atomic_NonDeterm_Block.cpp
","0.019048"
"__32_soc_MIS_CPP_E_Data_IntType_Atomic_CopyDeterm_Block.cpp
","0.014708"
"__32_soc_MIS_CPP_E_Data_IntType_Atomic_CopyDeterm_Cyclic.cpp
","0.013696"
"__32_soc_MIS_CPP_E_Data_IntType_Atomic_NonDeterm_Cyclic.cpp
","0.015983"
"__32_soc_MIS_CPP_E_Data_IntType_Atomic_MergeDeterm_Block.cpp
","0.013577"
"__32_soc_MIS_CPP_E_Data_IntType_Atomic_MergeDeterm_Cyclic.cpp
","0.011258"
"__32_soc_MIS_CPP_E_Topo_IntType_Atomic_CopyDeterm_Cyclic.cpp
","0.048536"
"__32_soc_MIS_CPP_E_Topo_IntType_Atomic_MergeDeterm_Cyclic.cpp
","0.047903"
"__32_soc_MIS_CPP_E_Topo_IntType_Atomic_CopyDeterm_Block.cpp
","0.131570"
"__32_soc_MIS_CPP_E_Topo_IntType_Atomic_NonDeterm_Block.cpp
","0.130285"
"__32_soc_MIS_CPP_E_Topo_IntType_Atomic_NonDeterm_Cyclic.cpp
","0.050978"
"__32_soc_MIS_CPP_E_Topo_IntType_Atomic_MergeDeterm_Block.cpp
","0.135021"
"__32_soc_MIS_CPP_V_Data_Push_IntType_Atomic_CopyDeterm_Cyclic.cpp
","0.174816"
"__32_soc_MIS_CPP_V_Data_Push_IntType_Atomic_NonDeterm_Cyclic.cpp
","0.414211"
"__32_soc_MIS_CPP_V_Data_Push_IntType_Atomic_MergeDeterm_Cyclic.cpp
","0.182061"
"__32_soc_MIS_CPP_V_Data_Push_IntType_Atomic_MergeDeterm_Block.cpp
","0.188143"
"__32_soc_MIS_CPP_V_Data_Push_IntType_Atomic_CopyDeterm_Block.cpp
","0.195130"
"__32_soc_MIS_CPP_V_Data_Push_IntType_Atomic_NonDeterm_Block.cpp
","0.410387"
"__32_soc_MIS_CPP_V_Data_Pull_IntType_Atomic_MergeDeterm_Block.cpp
","0.013420"
"__32_soc_MIS_CPP_V_Data_Pull_IntType_Atomic_NonDeterm_Cyclic.cpp
","0.016105"
"__32_soc_MIS_CPP_V_Data_Pull_IntType_Atomic_MergeDeterm_Cyclic.cpp
","0.013793"
"__32_soc_MIS_CPP_V_Data_Pull_IntType_Atomic_CopyDeterm_Block.cpp
","0.013563"
"__32_soc_MIS_CPP_V_Data_Pull_IntType_Atomic_NonDeterm_Block.cpp
","0.015452"
"__32_soc_MIS_CPP_V_Data_Pull_IntType_Atomic_CopyDeterm_Cyclic.cpp
","0.013303"
"__32_soc_MIS_CPP_V_Topo_Push_IntType_Atomic_CopyDeterm_Block.cpp
","1.324716"
"__32_soc_MIS_CPP_V_Topo_Push_IntType_Atomic_CopyDeterm_Cyclic.cpp
","0.925038"
"__32_soc_MIS_CPP_V_Topo_Push_IntType_Atomic_NonDeterm_Cyclic.cpp
","1.230217"
"__32_soc_MIS_CPP_V_Topo_Push_IntType_Atomic_MergeDeterm_Cyclic.cpp
","0.952467"
"__32_soc_MIS_CPP_V_Topo_Push_IntType_Atomic_NonDeterm_Block.cpp
","1.809023"
"__32_soc_MIS_CPP_V_Topo_Push_IntType_Atomic_MergeDeterm_Block.cpp
","1.274595"
"__32_soc_MIS_CPP_V_Topo_Pull_IntType_Atomic_CopyDeterm_Block.cpp
","0.051644"
"__32_soc_MIS_CPP_V_Topo_Pull_IntType_Atomic_MergeDeterm_Cyclic.cpp
","0.062527"
"__32_soc_MIS_CPP_V_Topo_Pull_IntType_Atomic_NonDeterm_Cyclic.cpp
","0.113226"
"__32_soc_MIS_CPP_V_Topo_Pull_IntType_Atomic_CopyDeterm_Cyclic.cpp
","0.059230"
"__32_soc_MIS_CPP_V_Topo_Pull_IntType_Atomic_NonDeterm_Block.cpp
","0.099313"
"__32_soc_MIS_CPP_V_Topo_Pull_IntType_Atomic_MergeDeterm_Block.cpp
","0.046612"
"__32_co_MIS_CPP_E_Data_IntType_Atomic_NonDeterm_Block.cpp
","0.021207"
"__32_co_MIS_CPP_E_Data_IntType_Atomic_CopyDeterm_Block.cpp
","0.019238"
"__32_co_MIS_CPP_E_Data_IntType_Atomic_CopyDeterm_Cyclic.cpp
","0.018305"
"__32_co_MIS_CPP_E_Data_IntType_Atomic_NonDeterm_Cyclic.cpp
","0.020170"
"__32_co_MIS_CPP_E_Data_IntType_Atomic_MergeDeterm_Block.cpp
","0.018143"
"__32_co_MIS_CPP_E_Data_IntType_Atomic_MergeDeterm_Cyclic.cpp
","0.017063"
"__32_co_MIS_CPP_E_Topo_IntType_Atomic_CopyDeterm_Cyclic.cpp
","0.063052"
"__32_co_MIS_CPP_E_Topo_IntType_Atomic_MergeDeterm_Cyclic.cpp
","0.059176"
"__32_co_MIS_CPP_E_Topo_IntType_Atomic_CopyDeterm_Block.cpp
","0.200307"
"__32_co_MIS_CPP_E_Topo_IntType_Atomic_NonDeterm_Block.cpp
","0.228637"
"__32_co_MIS_CPP_E_Topo_IntType_Atomic_NonDeterm_Cyclic.cpp
","0.062935"
"__32_co_MIS_CPP_E_Topo_IntType_Atomic_MergeDeterm_Block.cpp
","0.156925"
"__32_co_MIS_CPP_V_Data_Push_IntType_Atomic_CopyDeterm_Cyclic.cpp
","0.393499"
"__32_co_MIS_CPP_V_Data_Push_IntType_Atomic_NonDeterm_Cyclic.cpp
","0.652775"
"__32_co_MIS_CPP_V_Data_Push_IntType_Atomic_MergeDeterm_Cyclic.cpp
","0.368045"
"__32_co_MIS_CPP_V_Data_Push_IntType_Atomic_MergeDeterm_Block.cpp
","0.357198"
"__32_co_MIS_CPP_V_Data_Push_IntType_Atomic_CopyDeterm_Block.cpp
","0.408755"
"__32_co_MIS_CPP_V_Data_Push_IntType_Atomic_NonDeterm_Block.cpp
","0.717033"
"__32_co_MIS_CPP_V_Data_Pull_IntType_Atomic_MergeDeterm_Block.cpp
","0.012394"
"__32_co_MIS_CPP_V_Data_Pull_IntType_Atomic_NonDeterm_Cyclic.cpp
","0.023087"
"__32_co_MIS_CPP_V_Data_Pull_IntType_Atomic_MergeDeterm_Cyclic.cpp
","0.013217"
"__32_co_MIS_CPP_V_Data_Pull_IntType_Atomic_CopyDeterm_Block.cpp
","0.015835"
"__32_co_MIS_CPP_V_Data_Pull_IntType_Atomic_NonDeterm_Block.cpp
","0.022606"
"__32_co_MIS_CPP_V_Data_Pull_IntType_Atomic_CopyDeterm_Cyclic.cpp
","0.015765"
"__32_co_MIS_CPP_V_Topo_Push_IntType_Atomic_CopyDeterm_Block.cpp
","2.816893"
"__32_co_MIS_CPP_V_Topo_Push_IntType_Atomic_CopyDeterm_Cyclic.cpp
","2.660570"
"__32_co_MIS_CPP_V_Topo_Push_IntType_Atomic_NonDeterm_Cyclic.cpp
","3.500741"
"__32_co_MIS_CPP_V_Topo_Push_IntType_Atomic_MergeDeterm_Cyclic.cpp
","1.831814"
"__32_co_MIS_CPP_V_Topo_Push_IntType_Atomic_NonDeterm_Block.cpp
","4.113519"
"__32_co_MIS_CPP_V_Topo_Push_IntType_Atomic_MergeDeterm_Block.cpp
","1.889303"
"__32_co_MIS_CPP_V_Topo_Pull_IntType_Atomic_CopyDeterm_Block.cpp
","0.086125"
"__32_co_MIS_CPP_V_Topo_Pull_IntType_Atomic_MergeDeterm_Cyclic.cpp
","0.046481"
"__32_co_MIS_CPP_V_Topo_Pull_IntType_Atomic_NonDeterm_Cyclic.cpp
","0.115694"
"__32_co_MIS_CPP_V_Topo_Pull_IntType_Atomic_CopyDeterm_Cyclic.cpp
","0.067704"
"__32_co_MIS_CPP_V_Topo_Pull_IntType_Atomic_NonDeterm_Block.cpp
","0.168189"
"__32_co_MIS_CPP_V_Topo_Pull_IntType_Atomic_MergeDeterm_Block.cpp
","0.051165"
"__32_ny_MIS_CPP_E_Data_IntType_Atomic_NonDeterm_Block.cpp
","0.010963"
"__32_ny_MIS_CPP_E_Data_IntType_Atomic_CopyDeterm_Block.cpp
","0.009166"
"__32_ny_MIS_CPP_E_Data_IntType_Atomic_CopyDeterm_Cyclic.cpp
","0.008055"
"__32_ny_MIS_CPP_E_Data_IntType_Atomic_NonDeterm_Cyclic.cpp
","0.011027"
"__32_ny_MIS_CPP_E_Data_IntType_Atomic_MergeDeterm_Block.cpp
","0.006630"
"__32_ny_MIS_CPP_E_Data_IntType_Atomic_MergeDeterm_Cyclic.cpp
","0.006972"
"__32_ny_MIS_CPP_E_Topo_IntType_Atomic_CopyDeterm_Cyclic.cpp
","0.023205"
"__32_ny_MIS_CPP_E_Topo_IntType_Atomic_MergeDeterm_Cyclic.cpp
","0.016078"
"__32_ny_MIS_CPP_E_Topo_IntType_Atomic_CopyDeterm_Block.cpp
","0.028801"
"__32_ny_MIS_CPP_E_Topo_IntType_Atomic_NonDeterm_Block.cpp
","0.035507"
"__32_ny_MIS_CPP_E_Topo_IntType_Atomic_NonDeterm_Cyclic.cpp
","0.026049"
"__32_ny_MIS_CPP_E_Topo_IntType_Atomic_MergeDeterm_Block.cpp
","0.019293"
"__32_ny_MIS_CPP_V_Data_Push_IntType_Atomic_CopyDeterm_Cyclic.cpp
","0.021340"
"__32_ny_MIS_CPP_V_Data_Push_IntType_Atomic_NonDeterm_Cyclic.cpp
","0.040814"
"__32_ny_MIS_CPP_V_Data_Push_IntType_Atomic_MergeDeterm_Cyclic.cpp
","0.020625"
"__32_ny_MIS_CPP_V_Data_Push_IntType_Atomic_MergeDeterm_Block.cpp
","0.017996"
"__32_ny_MIS_CPP_V_Data_Push_IntType_Atomic_CopyDeterm_Block.cpp
","0.020414"
"__32_ny_MIS_CPP_V_Data_Push_IntType_Atomic_NonDeterm_Block.cpp
","0.029433"
"__32_ny_MIS_CPP_V_Data_Pull_IntType_Atomic_MergeDeterm_Block.cpp
","0.009095"
"__32_ny_MIS_CPP_V_Data_Pull_IntType_Atomic_NonDeterm_Cyclic.cpp
","0.010622"
"__32_ny_MIS_CPP_V_Data_Pull_IntType_Atomic_MergeDeterm_Cyclic.cpp
","0.008763"
"__32_ny_MIS_CPP_V_Data_Pull_IntType_Atomic_CopyDeterm_Block.cpp
","0.009464"
"__32_ny_MIS_CPP_V_Data_Pull_IntType_Atomic_NonDeterm_Block.cpp
","0.011000"
"__32_ny_MIS_CPP_V_Data_Pull_IntType_Atomic_CopyDeterm_Cyclic.cpp
","0.010362"
"__32_ny_MIS_CPP_V_Topo_Push_IntType_Atomic_CopyDeterm_Block.cpp
","0.119816"
"__32_ny_MIS_CPP_V_Topo_Push_IntType_Atomic_CopyDeterm_Cyclic.cpp
","0.109141"
"__32_ny_MIS_CPP_V_Topo_Push_IntType_Atomic_NonDeterm_Cyclic.cpp
","0.116966"
"__32_ny_MIS_CPP_V_Topo_Push_IntType_Atomic_MergeDeterm_Cyclic.cpp
","0.069699"
"__32_ny_MIS_CPP_V_Topo_Push_IntType_Atomic_NonDeterm_Block.cpp
","0.132432"
"__32_ny_MIS_CPP_V_Topo_Push_IntType_Atomic_MergeDeterm_Block.cpp
","0.074481"
"__32_ny_MIS_CPP_V_Topo_Pull_IntType_Atomic_CopyDeterm_Block.cpp
","0.061612"
"__32_ny_MIS_CPP_V_Topo_Pull_IntType_Atomic_MergeDeterm_Cyclic.cpp
","0.034346"
"__32_ny_MIS_CPP_V_Topo_Pull_IntType_Atomic_NonDeterm_Cyclic.cpp
","0.064377"
"__32_ny_MIS_CPP_V_Topo_Pull_IntType_Atomic_CopyDeterm_Cyclic.cpp
","0.055231"
"__32_ny_MIS_CPP_V_Topo_Pull_IntType_Atomic_NonDeterm_Block.cpp
","0.089798"
"__32_ny_MIS_CPP_V_Topo_Pull_IntType_Atomic_MergeDeterm_Block.cpp
","0.037116"
"__32_2d_MIS_CPP_E_Data_IntType_Atomic_NonDeterm_Block.cpp
","0.014313"
"__32_2d_MIS_CPP_E_Data_IntType_Atomic_CopyDeterm_Block.cpp
","0.010635"
"__32_2d_MIS_CPP_E_Data_IntType_Atomic_CopyDeterm_Cyclic.cpp
","0.010464"
"__32_2d_MIS_CPP_E_Data_IntType_Atomic_NonDeterm_Cyclic.cpp
","0.013679"
"__32_2d_MIS_CPP_E_Data_IntType_Atomic_MergeDeterm_Block.cpp
","0.009671"
"__32_2d_MIS_CPP_E_Data_IntType_Atomic_MergeDeterm_Cyclic.cpp
","0.009070"
"__32_2d_MIS_CPP_E_Topo_IntType_Atomic_CopyDeterm_Cyclic.cpp
","0.038050"
"__32_2d_MIS_CPP_E_Topo_IntType_Atomic_MergeDeterm_Cyclic.cpp
","0.034309"
"__32_2d_MIS_CPP_E_Topo_IntType_Atomic_CopyDeterm_Block.cpp
","0.055507"
"__32_2d_MIS_CPP_E_Topo_IntType_Atomic_NonDeterm_Block.cpp
","0.056764"
"__32_2d_MIS_CPP_E_Topo_IntType_Atomic_NonDeterm_Cyclic.cpp
","0.032550"
"__32_2d_MIS_CPP_E_Topo_IntType_Atomic_MergeDeterm_Block.cpp
","0.045139"
"__32_2d_MIS_CPP_V_Data_Push_IntType_Atomic_CopyDeterm_Cyclic.cpp
","0.036116"
"__32_2d_MIS_CPP_V_Data_Push_IntType_Atomic_NonDeterm_Cyclic.cpp
","0.072430"
"__32_2d_MIS_CPP_V_Data_Push_IntType_Atomic_MergeDeterm_Cyclic.cpp
","0.035470"
"__32_2d_MIS_CPP_V_Data_Push_IntType_Atomic_MergeDeterm_Block.cpp
","0.036871"
"__32_2d_MIS_CPP_V_Data_Push_IntType_Atomic_CopyDeterm_Block.cpp
","0.041042"
"__32_2d_MIS_CPP_V_Data_Push_IntType_Atomic_NonDeterm_Block.cpp
","0.076256"
"__32_2d_MIS_CPP_V_Data_Pull_IntType_Atomic_MergeDeterm_Block.cpp
","0.013150"
"__32_2d_MIS_CPP_V_Data_Pull_IntType_Atomic_NonDeterm_Cyclic.cpp
","0.014039"
"__32_2d_MIS_CPP_V_Data_Pull_IntType_Atomic_MergeDeterm_Cyclic.cpp
","0.013241"
"__32_2d_MIS_CPP_V_Data_Pull_IntType_Atomic_CopyDeterm_Block.cpp
","0.014199"
"__32_2d_MIS_CPP_V_Data_Pull_IntType_Atomic_NonDeterm_Block.cpp
","0.013304"
"__32_2d_MIS_CPP_V_Data_Pull_IntType_Atomic_CopyDeterm_Cyclic.cpp
","0.013452"
"__32_2d_MIS_CPP_V_Topo_Push_IntType_Atomic_CopyDeterm_Block.cpp
","0.206949"
"__32_2d_MIS_CPP_V_Topo_Push_IntType_Atomic_CopyDeterm_Cyclic.cpp
","0.186025"
"__32_2d_MIS_CPP_V_Topo_Push_IntType_Atomic_NonDeterm_Cyclic.cpp
","0.249514"
"__32_2d_MIS_CPP_V_Topo_Push_IntType_Atomic_MergeDeterm_Cyclic.cpp
","0.160418"
"__32_2d_MIS_CPP_V_Topo_Push_IntType_Atomic_NonDeterm_Block.cpp
","0.280347"
"__32_2d_MIS_CPP_V_Topo_Push_IntType_Atomic_MergeDeterm_Block.cpp
","0.176382"
"__32_2d_MIS_CPP_V_Topo_Pull_IntType_Atomic_CopyDeterm_Block.cpp
","0.128971"
"__32_2d_MIS_CPP_V_Topo_Pull_IntType_Atomic_MergeDeterm_Cyclic.cpp
","0.092854"
"__32_2d_MIS_CPP_V_Topo_Pull_IntType_Atomic_NonDeterm_Cyclic.cpp
","0.143277"
"__32_2d_MIS_CPP_V_Topo_Pull_IntType_Atomic_CopyDeterm_Cyclic.cpp
","0.113823"
"__32_2d_MIS_CPP_V_Topo_Pull_IntType_Atomic_NonDeterm_Block.cpp
","0.194866"
"__32_2d_MIS_CPP_V_Topo_Pull_IntType_Atomic_MergeDeterm_Block.cpp
","0.096031"
"__32_rmat_MIS_CPP_E_Data_IntType_Atomic_NonDeterm_Block.cpp
","0.017717"
"__32_rmat_MIS_CPP_E_Data_IntType_Atomic_CopyDeterm_Block.cpp
","0.014535"
"__32_rmat_MIS_CPP_E_Data_IntType_Atomic_CopyDeterm_Cyclic.cpp
","0.013697"
"__32_rmat_MIS_CPP_E_Data_IntType_Atomic_NonDeterm_Cyclic.cpp
","0.017407"
"__32_rmat_MIS_CPP_E_Data_IntType_Atomic_MergeDeterm_Block.cpp
","0.013028"
"__32_rmat_MIS_CPP_E_Data_IntType_Atomic_MergeDeterm_Cyclic.cpp
","0.011789"
"__32_rmat_MIS_CPP_E_Topo_IntType_Atomic_CopyDeterm_Cyclic.cpp
","0.037895"
"__32_rmat_MIS_CPP_E_Topo_IntType_Atomic_MergeDeterm_Cyclic.cpp
","0.037054"
"__32_rmat_MIS_CPP_E_Topo_IntType_Atomic_CopyDeterm_Block.cpp
","0.077561"
"__32_rmat_MIS_CPP_E_Topo_IntType_Atomic_NonDeterm_Block.cpp
","0.069886"
"__32_rmat_MIS_CPP_E_Topo_IntType_Atomic_NonDeterm_Cyclic.cpp
","0.044337"
"__32_rmat_MIS_CPP_E_Topo_IntType_Atomic_MergeDeterm_Block.cpp
","0.078410"
"__32_rmat_MIS_CPP_V_Data_Push_IntType_Atomic_CopyDeterm_Cyclic.cpp
","0.153484"
"__32_rmat_MIS_CPP_V_Data_Push_IntType_Atomic_NonDeterm_Cyclic.cpp
","0.309810"
"__32_rmat_MIS_CPP_V_Data_Push_IntType_Atomic_MergeDeterm_Cyclic.cpp
","0.152015"
"__32_rmat_MIS_CPP_V_Data_Push_IntType_Atomic_MergeDeterm_Block.cpp
","0.154885"
"__32_rmat_MIS_CPP_V_Data_Push_IntType_Atomic_CopyDeterm_Block.cpp
","0.153455"
"__32_rmat_MIS_CPP_V_Data_Push_IntType_Atomic_NonDeterm_Block.cpp
","0.322636"
"__32_rmat_MIS_CPP_V_Data_Pull_IntType_Atomic_MergeDeterm_Block.cpp
","0.015417"
"__32_rmat_MIS_CPP_V_Data_Pull_IntType_Atomic_NonDeterm_Cyclic.cpp
","0.017661"
"__32_rmat_MIS_CPP_V_Data_Pull_IntType_Atomic_MergeDeterm_Cyclic.cpp
","0.015769"
"__32_rmat_MIS_CPP_V_Data_Pull_IntType_Atomic_CopyDeterm_Block.cpp
","0.015092"
"__32_rmat_MIS_CPP_V_Data_Pull_IntType_Atomic_NonDeterm_Block.cpp
","0.017945"
"__32_rmat_MIS_CPP_V_Data_Pull_IntType_Atomic_CopyDeterm_Cyclic.cpp
","0.015669"
"__32_rmat_MIS_CPP_V_Topo_Push_IntType_Atomic_CopyDeterm_Block.cpp
","0.971608"
"__32_rmat_MIS_CPP_V_Topo_Push_IntType_Atomic_CopyDeterm_Cyclic.cpp
","0.719074"
"__32_rmat_MIS_CPP_V_Topo_Push_IntType_Atomic_NonDeterm_Cyclic.cpp
","1.015062"
"__32_rmat_MIS_CPP_V_Topo_Push_IntType_Atomic_MergeDeterm_Cyclic.cpp
","0.727189"
"__32_rmat_MIS_CPP_V_Topo_Push_IntType_Atomic_NonDeterm_Block.cpp
","1.328118"
"__32_rmat_MIS_CPP_V_Topo_Push_IntType_Atomic_MergeDeterm_Block.cpp
","0.919124"
"__32_rmat_MIS_CPP_V_Topo_Pull_IntType_Atomic_CopyDeterm_Block.cpp
","0.156483"
"__32_rmat_MIS_CPP_V_Topo_Pull_IntType_Atomic_MergeDeterm_Cyclic.cpp
","0.142487"
"__32_rmat_MIS_CPP_V_Topo_Pull_IntType_Atomic_NonDeterm_Cyclic.cpp
","0.222691"
"__32_rmat_MIS_CPP_V_Topo_Pull_IntType_Atomic_CopyDeterm_Cyclic.cpp
","0.135656"
"__32_rmat_MIS_CPP_V_Topo_Pull_IntType_Atomic_NonDeterm_Block.cpp
","0.355515"
"__32_rmat_MIS_CPP_V_Topo_Pull_IntType_Atomic_MergeDeterm_Block.cpp
","0.158168"
"__16_rmat_MIS_CPP_E_Data_IntType_Atomic_NonDeterm_Cyclic.cpp
","0.014257"
"__16_rmat_MIS_CPP_E_Data_IntType_Atomic_NonDeterm_Block.cpp
","0.018448"
"__16_rmat_MIS_CPP_E_Data_IntType_Atomic_CopyDeterm_Cyclic.cpp
","0.011329"
"__16_rmat_MIS_CPP_E_Data_IntType_Atomic_MergeDeterm_Cyclic.cpp
","0.008633"
"__16_rmat_MIS_CPP_E_Data_IntType_Atomic_MergeDeterm_Block.cpp
","0.012507"
"__16_rmat_MIS_CPP_E_Data_IntType_Atomic_CopyDeterm_Block.cpp
","0.014425"
"__16_rmat_MIS_CPP_E_Topo_IntType_Atomic_CopyDeterm_Block.cpp
","0.046381"
"__16_rmat_MIS_CPP_E_Topo_IntType_Atomic_NonDeterm_Cyclic.cpp
","0.022845"
"__16_rmat_MIS_CPP_E_Topo_IntType_Atomic_NonDeterm_Block.cpp
","0.049934"
"__16_rmat_MIS_CPP_E_Topo_IntType_Atomic_CopyDeterm_Cyclic.cpp
","0.015703"
"__16_rmat_MIS_CPP_E_Topo_IntType_Atomic_MergeDeterm_Block.cpp
","0.047865"
"__16_rmat_MIS_CPP_E_Topo_IntType_Atomic_MergeDeterm_Cyclic.cpp
","0.016055"
"__16_rmat_MIS_CPP_V_Data_Push_IntType_Atomic_MergeDeterm_Cyclic.cpp
","0.167495"
"__16_rmat_MIS_CPP_V_Data_Push_IntType_Atomic_MergeDeterm_Block.cpp
","0.184718"
"__16_rmat_MIS_CPP_V_Data_Push_IntType_Atomic_CopyDeterm_Block.cpp
","0.176358"
"__16_rmat_MIS_CPP_V_Data_Push_IntType_Atomic_NonDeterm_Block.cpp
","0.357714"
"__16_rmat_MIS_CPP_V_Data_Push_IntType_Atomic_NonDeterm_Cyclic.cpp
","0.332626"
"__16_rmat_MIS_CPP_V_Data_Push_IntType_Atomic_CopyDeterm_Cyclic.cpp
","0.162505"
"__16_rmat_MIS_CPP_V_Data_Pull_IntType_Atomic_MergeDeterm_Block.cpp
","0.018105"
"__16_rmat_MIS_CPP_V_Data_Pull_IntType_Atomic_CopyDeterm_Block.cpp
","0.018409"
"__16_rmat_MIS_CPP_V_Data_Pull_IntType_Atomic_MergeDeterm_Cyclic.cpp
","0.019553"
"__16_rmat_MIS_CPP_V_Data_Pull_IntType_Atomic_NonDeterm_Block.cpp
","0.021887"
"__16_rmat_MIS_CPP_V_Data_Pull_IntType_Atomic_NonDeterm_Cyclic.cpp
","0.022430"
"__16_rmat_MIS_CPP_V_Data_Pull_IntType_Atomic_CopyDeterm_Cyclic.cpp
","0.019816"
"__16_rmat_MIS_CPP_V_Topo_Push_IntType_Atomic_NonDeterm_Block.cpp
","0.883642"
"__16_rmat_MIS_CPP_V_Topo_Push_IntType_Atomic_MergeDeterm_Block.cpp
","0.524844"
"__16_rmat_MIS_CPP_V_Topo_Push_IntType_Atomic_MergeDeterm_Cyclic.cpp
","0.385537"
"__16_rmat_MIS_CPP_V_Topo_Push_IntType_Atomic_CopyDeterm_Cyclic.cpp
","0.362758"
"__16_rmat_MIS_CPP_V_Topo_Push_IntType_Atomic_NonDeterm_Cyclic.cpp
","0.632698"
"__16_rmat_MIS_CPP_V_Topo_Push_IntType_Atomic_CopyDeterm_Block.cpp
","0.496092"
"__16_rmat_MIS_CPP_V_Topo_Pull_IntType_Atomic_NonDeterm_Cyclic.cpp
","0.114479"
"__16_rmat_MIS_CPP_V_Topo_Pull_IntType_Atomic_CopyDeterm_Block.cpp
","0.075938"
"__16_rmat_MIS_CPP_V_Topo_Pull_IntType_Atomic_MergeDeterm_Block.cpp
","0.081948"
"__16_rmat_MIS_CPP_V_Topo_Pull_IntType_Atomic_MergeDeterm_Cyclic.cpp
","0.066877"
"__16_rmat_MIS_CPP_V_Topo_Pull_IntType_Atomic_CopyDeterm_Cyclic.cpp
","0.062048"
"__16_rmat_MIS_CPP_V_Topo_Pull_IntType_Atomic_NonDeterm_Block.cpp
","0.154369"
"__16_2d_MIS_CPP_E_Data_IntType_Atomic_NonDeterm_Cyclic.cpp
","0.014657"
"__16_2d_MIS_CPP_E_Data_IntType_Atomic_NonDeterm_Block.cpp
","0.016471"
"__16_2d_MIS_CPP_E_Data_IntType_Atomic_CopyDeterm_Cyclic.cpp
","0.010884"
"__16_2d_MIS_CPP_E_Data_IntType_Atomic_MergeDeterm_Cyclic.cpp
","0.009401"
"__16_2d_MIS_CPP_E_Data_IntType_Atomic_MergeDeterm_Block.cpp
","0.010934"
"__16_2d_MIS_CPP_E_Data_IntType_Atomic_CopyDeterm_Block.cpp
","0.012124"
"__16_2d_MIS_CPP_E_Topo_IntType_Atomic_CopyDeterm_Block.cpp
","0.042817"
"__16_2d_MIS_CPP_E_Topo_IntType_Atomic_NonDeterm_Cyclic.cpp
","0.028154"
"__16_2d_MIS_CPP_E_Topo_IntType_Atomic_NonDeterm_Block.cpp
","0.040429"
"__16_2d_MIS_CPP_E_Topo_IntType_Atomic_CopyDeterm_Cyclic.cpp
","0.025926"
"__16_2d_MIS_CPP_E_Topo_IntType_Atomic_MergeDeterm_Block.cpp
","0.041306"
"__16_2d_MIS_CPP_E_Topo_IntType_Atomic_MergeDeterm_Cyclic.cpp
","0.025586"
"__16_2d_MIS_CPP_V_Data_Push_IntType_Atomic_MergeDeterm_Cyclic.cpp
","0.042295"
"__16_2d_MIS_CPP_V_Data_Push_IntType_Atomic_MergeDeterm_Block.cpp
","0.045194"
"__16_2d_MIS_CPP_V_Data_Push_IntType_Atomic_CopyDeterm_Block.cpp
","0.043804"
"__16_2d_MIS_CPP_V_Data_Push_IntType_Atomic_NonDeterm_Block.cpp
","0.082761"
"__16_2d_MIS_CPP_V_Data_Push_IntType_Atomic_NonDeterm_Cyclic.cpp
","0.079052"
"__16_2d_MIS_CPP_V_Data_Push_IntType_Atomic_CopyDeterm_Cyclic.cpp
","0.043981"
"__16_2d_MIS_CPP_V_Data_Pull_IntType_Atomic_MergeDeterm_Block.cpp
","0.017573"
"__16_2d_MIS_CPP_V_Data_Pull_IntType_Atomic_CopyDeterm_Block.cpp
","0.017603"
"__16_2d_MIS_CPP_V_Data_Pull_IntType_Atomic_MergeDeterm_Cyclic.cpp
","0.017103"
"__16_2d_MIS_CPP_V_Data_Pull_IntType_Atomic_NonDeterm_Block.cpp
","0.017183"
"__16_2d_MIS_CPP_V_Data_Pull_IntType_Atomic_NonDeterm_Cyclic.cpp
","0.018542"
"__16_2d_MIS_CPP_V_Data_Pull_IntType_Atomic_CopyDeterm_Cyclic.cpp
","0.017274"
"__16_2d_MIS_CPP_V_Topo_Push_IntType_Atomic_NonDeterm_Block.cpp
","0.381570"
"__16_2d_MIS_CPP_V_Topo_Push_IntType_Atomic_MergeDeterm_Block.cpp
","0.261561"
"__16_2d_MIS_CPP_V_Topo_Push_IntType_Atomic_MergeDeterm_Cyclic.cpp
","0.183443"
"__16_2d_MIS_CPP_V_Topo_Push_IntType_Atomic_CopyDeterm_Cyclic.cpp
","0.184124"
"__16_2d_MIS_CPP_V_Topo_Push_IntType_Atomic_NonDeterm_Cyclic.cpp
","0.262841"
"__16_2d_MIS_CPP_V_Topo_Push_IntType_Atomic_CopyDeterm_Block.cpp
","0.265421"
"__16_2d_MIS_CPP_V_Topo_Pull_IntType_Atomic_NonDeterm_Cyclic.cpp
","0.176274"
"__16_2d_MIS_CPP_V_Topo_Pull_IntType_Atomic_CopyDeterm_Block.cpp
","0.149942"
"__16_2d_MIS_CPP_V_Topo_Pull_IntType_Atomic_MergeDeterm_Block.cpp
","0.147299"
"__16_2d_MIS_CPP_V_Topo_Pull_IntType_Atomic_MergeDeterm_Cyclic.cpp
","0.098041"
"__16_2d_MIS_CPP_V_Topo_Pull_IntType_Atomic_CopyDeterm_Cyclic.cpp
","0.100646"
"__16_2d_MIS_CPP_V_Topo_Pull_IntType_Atomic_NonDeterm_Block.cpp
","0.289239"
"__16_co_MIS_CPP_E_Data_IntType_Atomic_NonDeterm_Cyclic.cpp
","0.021095"
"__16_co_MIS_CPP_E_Data_IntType_Atomic_NonDeterm_Block.cpp
","0.023528"
"__16_co_MIS_CPP_E_Data_IntType_Atomic_CopyDeterm_Cyclic.cpp
","0.017976"
"__16_co_MIS_CPP_E_Data_IntType_Atomic_MergeDeterm_Cyclic.cpp
","0.015039"
"__16_co_MIS_CPP_E_Data_IntType_Atomic_MergeDeterm_Block.cpp
","0.019642"
"__16_co_MIS_CPP_E_Data_IntType_Atomic_CopyDeterm_Block.cpp
","0.021539"
"__16_co_MIS_CPP_E_Topo_IntType_Atomic_CopyDeterm_Block.cpp
","0.151454"
"__16_co_MIS_CPP_E_Topo_IntType_Atomic_NonDeterm_Cyclic.cpp
","0.050440"
"__16_co_MIS_CPP_E_Topo_IntType_Atomic_NonDeterm_Block.cpp
","0.164085"
"__16_co_MIS_CPP_E_Topo_IntType_Atomic_CopyDeterm_Cyclic.cpp
","0.039660"
"__16_co_MIS_CPP_E_Topo_IntType_Atomic_MergeDeterm_Block.cpp
","0.140819"
"__16_co_MIS_CPP_E_Topo_IntType_Atomic_MergeDeterm_Cyclic.cpp
","0.038981"
"__16_co_MIS_CPP_V_Data_Push_IntType_Atomic_MergeDeterm_Cyclic.cpp
","0.422001"
"__16_co_MIS_CPP_V_Data_Push_IntType_Atomic_MergeDeterm_Block.cpp
","0.476425"
"__16_co_MIS_CPP_V_Data_Push_IntType_Atomic_CopyDeterm_Block.cpp
","0.466530"
"__16_co_MIS_CPP_V_Data_Push_IntType_Atomic_NonDeterm_Block.cpp
","0.861888"
"__16_co_MIS_CPP_V_Data_Push_IntType_Atomic_NonDeterm_Cyclic.cpp
","0.756077"
"__16_co_MIS_CPP_V_Data_Push_IntType_Atomic_CopyDeterm_Cyclic.cpp
","0.453310"
"__16_co_MIS_CPP_V_Data_Pull_IntType_Atomic_MergeDeterm_Block.cpp
","0.016315"
"__16_co_MIS_CPP_V_Data_Pull_IntType_Atomic_CopyDeterm_Block.cpp
","0.017261"
"__16_co_MIS_CPP_V_Data_Pull_IntType_Atomic_MergeDeterm_Cyclic.cpp
","0.017502"
"__16_co_MIS_CPP_V_Data_Pull_IntType_Atomic_NonDeterm_Block.cpp
","0.026763"
"__16_co_MIS_CPP_V_Data_Pull_IntType_Atomic_NonDeterm_Cyclic.cpp
","0.027319"
"__16_co_MIS_CPP_V_Data_Pull_IntType_Atomic_CopyDeterm_Cyclic.cpp
","0.018656"
"__16_co_MIS_CPP_V_Topo_Push_IntType_Atomic_NonDeterm_Block.cpp
","4.540460"
"__16_co_MIS_CPP_V_Topo_Push_IntType_Atomic_MergeDeterm_Block.cpp
","2.347845"
"__16_co_MIS_CPP_V_Topo_Push_IntType_Atomic_MergeDeterm_Cyclic.cpp
","2.056898"
"__16_co_MIS_CPP_V_Topo_Push_IntType_Atomic_CopyDeterm_Cyclic.cpp
","2.286145"
"__16_co_MIS_CPP_V_Topo_Push_IntType_Atomic_NonDeterm_Cyclic.cpp
","3.438563"
"__16_co_MIS_CPP_V_Topo_Push_IntType_Atomic_CopyDeterm_Block.cpp
","2.698359"
"__16_co_MIS_CPP_V_Topo_Pull_IntType_Atomic_NonDeterm_Cyclic.cpp
","0.135789"
"__16_co_MIS_CPP_V_Topo_Pull_IntType_Atomic_CopyDeterm_Block.cpp
","0.068747"
"__16_co_MIS_CPP_V_Topo_Pull_IntType_Atomic_MergeDeterm_Block.cpp
","0.055968"
"__16_co_MIS_CPP_V_Topo_Pull_IntType_Atomic_MergeDeterm_Cyclic.cpp
","0.051349"
"__16_co_MIS_CPP_V_Topo_Pull_IntType_Atomic_CopyDeterm_Cyclic.cpp
","0.061895"
"__16_co_MIS_CPP_V_Topo_Pull_IntType_Atomic_NonDeterm_Block.cpp
","0.133502"
"__16_soc_MIS_CPP_E_Data_IntType_Atomic_NonDeterm_Cyclic.cpp
","0.015976"
"__16_soc_MIS_CPP_E_Data_IntType_Atomic_NonDeterm_Block.cpp
","0.018711"
"__16_soc_MIS_CPP_E_Data_IntType_Atomic_CopyDeterm_Cyclic.cpp
","0.011570"
"__16_soc_MIS_CPP_E_Data_IntType_Atomic_MergeDeterm_Cyclic.cpp
","0.008941"
"__16_soc_MIS_CPP_E_Data_IntType_Atomic_MergeDeterm_Block.cpp
","0.012509"
"__16_soc_MIS_CPP_E_Data_IntType_Atomic_CopyDeterm_Block.cpp
","0.013862"
"__16_soc_MIS_CPP_E_Topo_IntType_Atomic_CopyDeterm_Block.cpp
","0.071175"
"__16_soc_MIS_CPP_E_Topo_IntType_Atomic_NonDeterm_Cyclic.cpp
","0.035082"
"__16_soc_MIS_CPP_E_Topo_IntType_Atomic_NonDeterm_Block.cpp
","0.078465"
"__16_soc_MIS_CPP_E_Topo_IntType_Atomic_CopyDeterm_Cyclic.cpp
","0.028216"
"__16_soc_MIS_CPP_E_Topo_IntType_Atomic_MergeDeterm_Block.cpp
","0.083164"
"__16_soc_MIS_CPP_E_Topo_IntType_Atomic_MergeDeterm_Cyclic.cpp
","0.028751"
"__16_soc_MIS_CPP_V_Data_Push_IntType_Atomic_MergeDeterm_Cyclic.cpp
","0.190582"
"__16_soc_MIS_CPP_V_Data_Push_IntType_Atomic_MergeDeterm_Block.cpp
","0.207456"
"__16_soc_MIS_CPP_V_Data_Push_IntType_Atomic_CopyDeterm_Block.cpp
","0.204700"
"__16_soc_MIS_CPP_V_Data_Push_IntType_Atomic_NonDeterm_Block.cpp
","0.437838"
"__16_soc_MIS_CPP_V_Data_Push_IntType_Atomic_NonDeterm_Cyclic.cpp
","0.436934"
"__16_soc_MIS_CPP_V_Data_Push_IntType_Atomic_CopyDeterm_Cyclic.cpp
","0.196785"
"__16_soc_MIS_CPP_V_Data_Pull_IntType_Atomic_MergeDeterm_Block.cpp
","0.015213"
"__16_soc_MIS_CPP_V_Data_Pull_IntType_Atomic_CopyDeterm_Block.cpp
","0.014527"
"__16_soc_MIS_CPP_V_Data_Pull_IntType_Atomic_MergeDeterm_Cyclic.cpp
","0.017199"
"__16_soc_MIS_CPP_V_Data_Pull_IntType_Atomic_NonDeterm_Block.cpp
","0.018915"
"__16_soc_MIS_CPP_V_Data_Pull_IntType_Atomic_NonDeterm_Cyclic.cpp
","0.019622"
"__16_soc_MIS_CPP_V_Data_Pull_IntType_Atomic_CopyDeterm_Cyclic.cpp
","0.016393"
"__16_soc_MIS_CPP_V_Topo_Push_IntType_Atomic_NonDeterm_Block.cpp
","1.276512"
"__16_soc_MIS_CPP_V_Topo_Push_IntType_Atomic_MergeDeterm_Block.cpp
","0.875976"
"__16_soc_MIS_CPP_V_Topo_Push_IntType_Atomic_MergeDeterm_Cyclic.cpp
","0.639282"
"__16_soc_MIS_CPP_V_Topo_Push_IntType_Atomic_CopyDeterm_Cyclic.cpp
","0.594840"
"__16_soc_MIS_CPP_V_Topo_Push_IntType_Atomic_NonDeterm_Cyclic.cpp
","0.784785"
"__16_soc_MIS_CPP_V_Topo_Push_IntType_Atomic_CopyDeterm_Block.cpp
","0.814240"
"__16_soc_MIS_CPP_V_Topo_Pull_IntType_Atomic_NonDeterm_Cyclic.cpp
","0.064733"
"__16_soc_MIS_CPP_V_Topo_Pull_IntType_Atomic_CopyDeterm_Block.cpp
","0.033512"
"__16_soc_MIS_CPP_V_Topo_Pull_IntType_Atomic_MergeDeterm_Block.cpp
","0.034016"
"__16_soc_MIS_CPP_V_Topo_Pull_IntType_Atomic_MergeDeterm_Cyclic.cpp
","0.033351"
"__16_soc_MIS_CPP_V_Topo_Pull_IntType_Atomic_CopyDeterm_Cyclic.cpp
","0.030345"
"__16_soc_MIS_CPP_V_Topo_Pull_IntType_Atomic_NonDeterm_Block.cpp
","0.067451"
"__16_ny_MIS_CPP_E_Data_IntType_Atomic_NonDeterm_Cyclic.cpp
","0.012076"
"__16_ny_MIS_CPP_E_Data_IntType_Atomic_NonDeterm_Block.cpp
","0.012833"
"__16_ny_MIS_CPP_E_Data_IntType_Atomic_CopyDeterm_Cyclic.cpp
","0.009269"
"__16_ny_MIS_CPP_E_Data_IntType_Atomic_MergeDeterm_Cyclic.cpp
","0.007974"
"__16_ny_MIS_CPP_E_Data_IntType_Atomic_MergeDeterm_Block.cpp
","0.008281"
"__16_ny_MIS_CPP_E_Data_IntType_Atomic_CopyDeterm_Block.cpp
","0.009723"
"__16_ny_MIS_CPP_E_Topo_IntType_Atomic_CopyDeterm_Block.cpp
","0.042081"
"__16_ny_MIS_CPP_E_Topo_IntType_Atomic_NonDeterm_Cyclic.cpp
","0.036566"
"__16_ny_MIS_CPP_E_Topo_IntType_Atomic_NonDeterm_Block.cpp
","0.054959"
"__16_ny_MIS_CPP_E_Topo_IntType_Atomic_CopyDeterm_Cyclic.cpp
","0.027543"
"__16_ny_MIS_CPP_E_Topo_IntType_Atomic_MergeDeterm_Block.cpp
","0.030421"
"__16_ny_MIS_CPP_E_Topo_IntType_Atomic_MergeDeterm_Cyclic.cpp
","0.023166"
"__16_ny_MIS_CPP_V_Data_Push_IntType_Atomic_MergeDeterm_Cyclic.cpp
","0.025247"
"__16_ny_MIS_CPP_V_Data_Push_IntType_Atomic_MergeDeterm_Block.cpp
","0.026639"
"__16_ny_MIS_CPP_V_Data_Push_IntType_Atomic_CopyDeterm_Block.cpp
","0.029502"
"__16_ny_MIS_CPP_V_Data_Push_IntType_Atomic_NonDeterm_Block.cpp
","0.058938"
"__16_ny_MIS_CPP_V_Data_Push_IntType_Atomic_NonDeterm_Cyclic.cpp
","0.044287"
"__16_ny_MIS_CPP_V_Data_Push_IntType_Atomic_CopyDeterm_Cyclic.cpp
","0.028729"
"__16_ny_MIS_CPP_V_Data_Pull_IntType_Atomic_MergeDeterm_Block.cpp
","0.010537"
"__16_ny_MIS_CPP_V_Data_Pull_IntType_Atomic_CopyDeterm_Block.cpp
","0.011472"
"__16_ny_MIS_CPP_V_Data_Pull_IntType_Atomic_MergeDeterm_Cyclic.cpp
","0.010181"
"__16_ny_MIS_CPP_V_Data_Pull_IntType_Atomic_NonDeterm_Block.cpp
","0.012361"
"__16_ny_MIS_CPP_V_Data_Pull_IntType_Atomic_NonDeterm_Cyclic.cpp
","0.011867"
"__16_ny_MIS_CPP_V_Data_Pull_IntType_Atomic_CopyDeterm_Cyclic.cpp
","0.011259"
"__16_ny_MIS_CPP_V_Topo_Push_IntType_Atomic_NonDeterm_Block.cpp
","0.226951"
"__16_ny_MIS_CPP_V_Topo_Push_IntType_Atomic_MergeDeterm_Block.cpp
","0.124008"
"__16_ny_MIS_CPP_V_Topo_Push_IntType_Atomic_MergeDeterm_Cyclic.cpp
","0.116230"
"__16_ny_MIS_CPP_V_Topo_Push_IntType_Atomic_CopyDeterm_Cyclic.cpp
","0.153447"
"__16_ny_MIS_CPP_V_Topo_Push_IntType_Atomic_NonDeterm_Cyclic.cpp
","0.219348"
"__16_ny_MIS_CPP_V_Topo_Push_IntType_Atomic_CopyDeterm_Block.cpp
","0.178443"
"__16_ny_MIS_CPP_V_Topo_Pull_IntType_Atomic_NonDeterm_Cyclic.cpp
","0.133645"
"__16_ny_MIS_CPP_V_Topo_Pull_IntType_Atomic_CopyDeterm_Block.cpp
","0.083217"
"__16_ny_MIS_CPP_V_Topo_Pull_IntType_Atomic_MergeDeterm_Block.cpp
","0.057378"
"__16_ny_MIS_CPP_V_Topo_Pull_IntType_Atomic_MergeDeterm_Cyclic.cpp
","0.051859"
"__16_ny_MIS_CPP_V_Topo_Pull_IntType_Atomic_CopyDeterm_Cyclic.cpp
","0.077707"
"__16_ny_MIS_CPP_V_Topo_Pull_IntType_Atomic_NonDeterm_Block.cpp
","0.143565"
"_omp_32_2d_MIS_OMP_E_Data_IntType_Atomic_CopyDeterm_Dynamic_NoFieldBug.cpp
","0.003190"
"_omp_32_2d_MIS_OMP_E_Data_IntType_Atomic_CopyDeterm_Default_NoFieldBug.cpp
","0.017004"
"_omp_32_2d_MIS_OMP_E_Data_IntType_Atomic_NonDeterm_Dynamic_NoFieldBug.cpp
","0.003261"
"_omp_32_2d_MIS_OMP_E_Data_IntType_Atomic_MergeDeterm_Dynamic_NoFieldBug.cpp
","0.002919"
"_omp_32_2d_MIS_OMP_E_Data_IntType_Atomic_MergeDeterm_Default_NoFieldBug.cpp
","0.012672"
"_omp_32_2d_MIS_OMP_E_Data_IntType_Atomic_NonDeterm_Default_NoFieldBug.cpp
","0.015123"
"_omp_32_2d_MIS_OMP_E_Topo_IntType_Atomic_CopyDeterm_Dynamic_NoBoundsBug_Block.cpp
","0.001006"
"_omp_32_2d_MIS_OMP_E_Topo_IntType_Atomic_CopyDeterm_Default_NoBoundsBug.cpp
","0.097469"
"_omp_32_2d_MIS_OMP_E_Topo_IntType_Atomic_MergeDeterm_Default_NoBoundsBug_Cyclic.cpp
","0.108197"
"_omp_32_2d_MIS_OMP_E_Topo_IntType_Atomic_CopyDeterm_Dynamic_NoBoundsBug.cpp
","0.001046"
"_omp_32_2d_MIS_OMP_E_Topo_IntType_Atomic_NonDeterm_Dynamic_NoBoundsBug.cpp
","0.001045"
"_omp_32_2d_MIS_OMP_E_Topo_IntType_Atomic_NonDeterm_Default_NoBoundsBug_Cyclic.cpp
","0.082467"
"_omp_32_2d_MIS_OMP_E_Topo_IntType_Atomic_NonDeterm_Default_NoBoundsBug.cpp
","0.083867"
"_omp_32_2d_MIS_OMP_E_Topo_IntType_Atomic_CopyDeterm_Default_NoBoundsBug_Cyclic.cpp
","0.096504"
"_omp_32_2d_MIS_OMP_E_Topo_IntType_Atomic_NonDeterm_Dynamic_NoBoundsBug_Block.cpp
","0.001006"
"_omp_32_2d_MIS_OMP_E_Topo_IntType_Atomic_MergeDeterm_Dynamic_NoBoundsBug.cpp
","0.001034"
"_omp_32_2d_MIS_OMP_E_Topo_IntType_Atomic_MergeDeterm_Dynamic_NoBoundsBug_Cyclic.cpp
","0.001021"
"_omp_32_2d_MIS_OMP_E_Topo_IntType_Atomic_CopyDeterm_Default_NoBoundsBug_Block.cpp
","0.097379"
"_omp_32_2d_MIS_OMP_E_Topo_IntType_Atomic_NonDeterm_Default_NoBoundsBug_Block.cpp
","0.080915"
"_omp_32_2d_MIS_OMP_E_Topo_IntType_Atomic_NonDeterm_Dynamic_NoBoundsBug_Cyclic.cpp
","0.001028"
"_omp_32_2d_MIS_OMP_E_Topo_IntType_Atomic_MergeDeterm_Dynamic_NoBoundsBug_Block.cpp
","0.001027"
"_omp_32_2d_MIS_OMP_E_Topo_IntType_Atomic_MergeDeterm_Default_NoBoundsBug.cpp
","0.106356"
"_omp_32_2d_MIS_OMP_E_Topo_IntType_Atomic_MergeDeterm_Default_NoBoundsBug_Block.cpp
","0.105427"
"_omp_32_2d_MIS_OMP_E_Topo_IntType_Atomic_CopyDeterm_Dynamic_NoBoundsBug_Cyclic.cpp
","0.001026"
"_omp_32_2d_MIS_OMP_V_Data_Push_IntType_Atomic_CopyDeterm_Default_NoFieldBug.cpp
","0.070655"
"_omp_32_2d_MIS_OMP_V_Data_Push_IntType_Atomic_NonDeterm_Dynamic_NoFieldBug.cpp
","0.030305"
"_omp_32_2d_MIS_OMP_V_Data_Push_IntType_Atomic_MergeDeterm_Default_NoFieldBug.cpp
","0.041034"
"_omp_32_2d_MIS_OMP_V_Data_Push_IntType_Atomic_NonDeterm_Default_NoFieldBug.cpp
","0.033010"
"_omp_32_2d_MIS_OMP_V_Data_Push_IntType_Atomic_CopyDeterm_Dynamic_NoFieldBug.cpp
","0.021182"
"_omp_32_2d_MIS_OMP_V_Data_Push_IntType_Atomic_MergeDeterm_Dynamic_NoFieldBug.cpp
","0.013042"
"_omp_32_2d_MIS_OMP_V_Data_Pull_IntType_Atomic_MergeDeterm_Default_NoFieldBug.cpp
","0.000934"
"_omp_32_2d_MIS_OMP_V_Data_Pull_IntType_Atomic_MergeDeterm_Dynamic_NoFieldBug.cpp
","0.000893"
"_omp_32_2d_MIS_OMP_V_Data_Pull_IntType_Atomic_NonDeterm_Dynamic_NoFieldBug.cpp
","0.000840"
"_omp_32_2d_MIS_OMP_V_Data_Pull_IntType_Atomic_NonDeterm_Default_NoFieldBug.cpp
","0.001034"
"_omp_32_2d_MIS_OMP_V_Data_Pull_IntType_Atomic_CopyDeterm_Default_NoFieldBug.cpp
","0.000932"
"_omp_32_2d_MIS_OMP_V_Data_Pull_IntType_Atomic_CopyDeterm_Dynamic_NoFieldBug.cpp
","0.000819"
"_omp_32_2d_MIS_OMP_V_Topo_Push_IntType_Atomic_CopyDeterm_Default_NoBoundsBug.cpp
","0.290633"
"_omp_32_2d_MIS_OMP_V_Topo_Push_IntType_Atomic_NonDeterm_Dynamic_NoBoundsBug.cpp
","0.009255"
"_omp_32_2d_MIS_OMP_V_Topo_Push_IntType_Atomic_NonDeterm_Default_NoBoundsBug.cpp
","0.089977"
"_omp_32_2d_MIS_OMP_V_Topo_Push_IntType_Atomic_CopyDeterm_Dynamic_NoBoundsBug.cpp
","0.009383"
"_omp_32_2d_MIS_OMP_V_Topo_Push_IntType_Atomic_MergeDeterm_Dynamic_NoBoundsBug.cpp
","0.009194"
"_omp_32_2d_MIS_OMP_V_Topo_Push_IntType_Atomic_MergeDeterm_Default_NoBoundsBug.cpp
","0.296831"
"_omp_32_2d_MIS_OMP_V_Topo_Pull_IntType_Atomic_NonDeterm_Dynamic_NoBoundsBug.cpp
","0.006771"
"_omp_32_2d_MIS_OMP_V_Topo_Pull_IntType_Atomic_CopyDeterm_Default_NoBoundsBug.cpp
","0.261798"
"_omp_32_2d_MIS_OMP_V_Topo_Pull_IntType_Atomic_CopyDeterm_Dynamic_NoBoundsBug.cpp
","0.004500"
"_omp_32_2d_MIS_OMP_V_Topo_Pull_IntType_Atomic_MergeDeterm_Dynamic_NoBoundsBug.cpp
","0.003750"
"_omp_32_2d_MIS_OMP_V_Topo_Pull_IntType_Atomic_MergeDeterm_Default_NoBoundsBug.cpp
","0.300072"
"_omp_32_2d_MIS_OMP_V_Topo_Pull_IntType_Atomic_NonDeterm_Default_NoBoundsBug.cpp
","0.429567"
"_omp_32_ny_MIS_OMP_E_Data_IntType_Atomic_CopyDeterm_Dynamic_NoFieldBug.cpp
","0.003439"
"_omp_32_ny_MIS_OMP_E_Data_IntType_Atomic_CopyDeterm_Default_NoFieldBug.cpp
","0.012665"
"_omp_32_ny_MIS_OMP_E_Data_IntType_Atomic_NonDeterm_Dynamic_NoFieldBug.cpp
","0.003925"
"_omp_32_ny_MIS_OMP_E_Data_IntType_Atomic_MergeDeterm_Dynamic_NoFieldBug.cpp
","0.003372"
"_omp_32_ny_MIS_OMP_E_Data_IntType_Atomic_MergeDeterm_Default_NoFieldBug.cpp
","0.016540"
"_omp_32_ny_MIS_OMP_E_Data_IntType_Atomic_NonDeterm_Default_NoFieldBug.cpp
","0.009518"
"_omp_32_ny_MIS_OMP_E_Topo_IntType_Atomic_CopyDeterm_Dynamic_NoBoundsBug_Block.cpp
","0.001028"
"_omp_32_ny_MIS_OMP_E_Topo_IntType_Atomic_CopyDeterm_Default_NoBoundsBug.cpp
","0.201019"
"_omp_32_ny_MIS_OMP_E_Topo_IntType_Atomic_MergeDeterm_Default_NoBoundsBug_Cyclic.cpp
","0.231117"
"_omp_32_ny_MIS_OMP_E_Topo_IntType_Atomic_CopyDeterm_Dynamic_NoBoundsBug.cpp
","0.001017"
"_omp_32_ny_MIS_OMP_E_Topo_IntType_Atomic_NonDeterm_Dynamic_NoBoundsBug.cpp
","0.001014"
"_omp_32_ny_MIS_OMP_E_Topo_IntType_Atomic_NonDeterm_Default_NoBoundsBug_Cyclic.cpp
","0.274525"
"_omp_32_ny_MIS_OMP_E_Topo_IntType_Atomic_NonDeterm_Default_NoBoundsBug.cpp
","0.289149"
"_omp_32_ny_MIS_OMP_E_Topo_IntType_Atomic_CopyDeterm_Default_NoBoundsBug_Cyclic.cpp
","0.186321"
"_omp_32_ny_MIS_OMP_E_Topo_IntType_Atomic_NonDeterm_Dynamic_NoBoundsBug_Block.cpp
","0.001005"
"_omp_32_ny_MIS_OMP_E_Topo_IntType_Atomic_MergeDeterm_Dynamic_NoBoundsBug.cpp
","0.001006"
"_omp_32_ny_MIS_OMP_E_Topo_IntType_Atomic_MergeDeterm_Dynamic_NoBoundsBug_Cyclic.cpp
","0.000989"
"_omp_32_ny_MIS_OMP_E_Topo_IntType_Atomic_CopyDeterm_Default_NoBoundsBug_Block.cpp
","0.202076"
"_omp_32_ny_MIS_OMP_E_Topo_IntType_Atomic_NonDeterm_Default_NoBoundsBug_Block.cpp
","0.274887"
"_omp_32_ny_MIS_OMP_E_Topo_IntType_Atomic_NonDeterm_Dynamic_NoBoundsBug_Cyclic.cpp
","0.001034"
"_omp_32_ny_MIS_OMP_E_Topo_IntType_Atomic_MergeDeterm_Dynamic_NoBoundsBug_Block.cpp
","0.001035"
"_omp_32_ny_MIS_OMP_E_Topo_IntType_Atomic_MergeDeterm_Default_NoBoundsBug.cpp
","0.234646"
"_omp_32_ny_MIS_OMP_E_Topo_IntType_Atomic_MergeDeterm_Default_NoBoundsBug_Block.cpp
","0.233931"
"_omp_32_ny_MIS_OMP_E_Topo_IntType_Atomic_CopyDeterm_Dynamic_NoBoundsBug_Cyclic.cpp
","0.001041"
"_omp_32_ny_MIS_OMP_V_Data_Push_IntType_Atomic_CopyDeterm_Default_NoFieldBug.cpp
","0.038795"
"_omp_32_ny_MIS_OMP_V_Data_Push_IntType_Atomic_NonDeterm_Dynamic_NoFieldBug.cpp
","0.013374"
"_omp_32_ny_MIS_OMP_V_Data_Push_IntType_Atomic_MergeDeterm_Default_NoFieldBug.cpp
","0.040184"
"_omp_32_ny_MIS_OMP_V_Data_Push_IntType_Atomic_NonDeterm_Default_NoFieldBug.cpp
","0.028477"
"_omp_32_ny_MIS_OMP_V_Data_Push_IntType_Atomic_CopyDeterm_Dynamic_NoFieldBug.cpp
","0.009373"
"_omp_32_ny_MIS_OMP_V_Data_Push_IntType_Atomic_MergeDeterm_Dynamic_NoFieldBug.cpp
","0.010538"
"_omp_32_ny_MIS_OMP_V_Data_Pull_IntType_Atomic_MergeDeterm_Default_NoFieldBug.cpp
","0.001000"
"_omp_32_ny_MIS_OMP_V_Data_Pull_IntType_Atomic_MergeDeterm_Dynamic_NoFieldBug.cpp
","0.000747"
"_omp_32_ny_MIS_OMP_V_Data_Pull_IntType_Atomic_NonDeterm_Dynamic_NoFieldBug.cpp
","0.000761"
"_omp_32_ny_MIS_OMP_V_Data_Pull_IntType_Atomic_NonDeterm_Default_NoFieldBug.cpp
","0.001047"
"_omp_32_ny_MIS_OMP_V_Data_Pull_IntType_Atomic_CopyDeterm_Default_NoFieldBug.cpp
","0.000993"
"_omp_32_ny_MIS_OMP_V_Data_Pull_IntType_Atomic_CopyDeterm_Dynamic_NoFieldBug.cpp
","0.000761"
"_omp_32_ny_MIS_OMP_V_Topo_Push_IntType_Atomic_CopyDeterm_Default_NoBoundsBug.cpp
","0.027538"
"_omp_32_ny_MIS_OMP_V_Topo_Push_IntType_Atomic_NonDeterm_Dynamic_NoBoundsBug.cpp
","0.007905"
"_omp_32_ny_MIS_OMP_V_Topo_Push_IntType_Atomic_NonDeterm_Default_NoBoundsBug.cpp
","0.046370"
"_omp_32_ny_MIS_OMP_V_Topo_Push_IntType_Atomic_CopyDeterm_Dynamic_NoBoundsBug.cpp
","0.006770"
"_omp_32_ny_MIS_OMP_V_Topo_Push_IntType_Atomic_MergeDeterm_Dynamic_NoBoundsBug.cpp
","0.007107"
"_omp_32_ny_MIS_OMP_V_Topo_Push_IntType_Atomic_MergeDeterm_Default_NoBoundsBug.cpp
","0.137405"
"_omp_32_ny_MIS_OMP_V_Topo_Pull_IntType_Atomic_NonDeterm_Dynamic_NoBoundsBug.cpp
","0.004088"
"_omp_32_ny_MIS_OMP_V_Topo_Pull_IntType_Atomic_CopyDeterm_Default_NoBoundsBug.cpp
","0.368644"
"_omp_32_ny_MIS_OMP_V_Topo_Pull_IntType_Atomic_CopyDeterm_Dynamic_NoBoundsBug.cpp
","0.003247"
"_omp_32_ny_MIS_OMP_V_Topo_Pull_IntType_Atomic_MergeDeterm_Dynamic_NoBoundsBug.cpp
","0.003479"
"_omp_32_ny_MIS_OMP_V_Topo_Pull_IntType_Atomic_MergeDeterm_Default_NoBoundsBug.cpp
","0.070037"
"_omp_32_ny_MIS_OMP_V_Topo_Pull_IntType_Atomic_NonDeterm_Default_NoBoundsBug.cpp
","0.697992"
"_omp_32_rmat_MIS_OMP_E_Data_IntType_Atomic_CopyDeterm_Dynamic_NoFieldBug.cpp
","0.003340"
"_omp_32_rmat_MIS_OMP_E_Data_IntType_Atomic_CopyDeterm_Default_NoFieldBug.cpp
","0.017827"
"_omp_32_rmat_MIS_OMP_E_Data_IntType_Atomic_NonDeterm_Dynamic_NoFieldBug.cpp
","0.003713"
"_omp_32_rmat_MIS_OMP_E_Data_IntType_Atomic_MergeDeterm_Dynamic_NoFieldBug.cpp
","0.003089"
"_omp_32_rmat_MIS_OMP_E_Data_IntType_Atomic_MergeDeterm_Default_NoFieldBug.cpp
","0.011123"
"_omp_32_rmat_MIS_OMP_E_Data_IntType_Atomic_NonDeterm_Default_NoFieldBug.cpp
","0.018195"
"_omp_32_rmat_MIS_OMP_E_Topo_IntType_Atomic_CopyDeterm_Dynamic_NoBoundsBug_Block.cpp
","0.000740"
"_omp_32_rmat_MIS_OMP_E_Topo_IntType_Atomic_CopyDeterm_Default_NoBoundsBug.cpp
","0.089842"
"_omp_32_rmat_MIS_OMP_E_Topo_IntType_Atomic_MergeDeterm_Default_NoBoundsBug_Cyclic.cpp
","0.096958"
"_omp_32_rmat_MIS_OMP_E_Topo_IntType_Atomic_CopyDeterm_Dynamic_NoBoundsBug.cpp
","0.000722"
"_omp_32_rmat_MIS_OMP_E_Topo_IntType_Atomic_NonDeterm_Dynamic_NoBoundsBug.cpp
","0.000837"
"_omp_32_rmat_MIS_OMP_E_Topo_IntType_Atomic_NonDeterm_Default_NoBoundsBug_Cyclic.cpp
","0.101502"
"_omp_32_rmat_MIS_OMP_E_Topo_IntType_Atomic_NonDeterm_Default_NoBoundsBug.cpp
","0.107067"
"_omp_32_rmat_MIS_OMP_E_Topo_IntType_Atomic_CopyDeterm_Default_NoBoundsBug_Cyclic.cpp
","0.092449"
"_omp_32_rmat_MIS_OMP_E_Topo_IntType_Atomic_NonDeterm_Dynamic_NoBoundsBug_Block.cpp
","0.000863"
"_omp_32_rmat_MIS_OMP_E_Topo_IntType_Atomic_MergeDeterm_Dynamic_NoBoundsBug.cpp
","0.000772"
"_omp_32_rmat_MIS_OMP_E_Topo_IntType_Atomic_MergeDeterm_Dynamic_NoBoundsBug_Cyclic.cpp
","0.000742"
"_omp_32_rmat_MIS_OMP_E_Topo_IntType_Atomic_CopyDeterm_Default_NoBoundsBug_Block.cpp
","0.094614"
"_omp_32_rmat_MIS_OMP_E_Topo_IntType_Atomic_NonDeterm_Default_NoBoundsBug_Block.cpp
","0.125239"
"_omp_32_rmat_MIS_OMP_E_Topo_IntType_Atomic_NonDeterm_Dynamic_NoBoundsBug_Cyclic.cpp
","0.000855"
"_omp_32_rmat_MIS_OMP_E_Topo_IntType_Atomic_MergeDeterm_Dynamic_NoBoundsBug_Block.cpp
","0.000739"
"_omp_32_rmat_MIS_OMP_E_Topo_IntType_Atomic_MergeDeterm_Default_NoBoundsBug.cpp
","0.101306"
"_omp_32_rmat_MIS_OMP_E_Topo_IntType_Atomic_MergeDeterm_Default_NoBoundsBug_Block.cpp
","0.096353"
"_omp_32_rmat_MIS_OMP_E_Topo_IntType_Atomic_CopyDeterm_Dynamic_NoBoundsBug_Cyclic.cpp
","0.000757"
"_omp_32_rmat_MIS_OMP_V_Data_Push_IntType_Atomic_CopyDeterm_Default_NoFieldBug.cpp
","0.104567"
"_omp_32_rmat_MIS_OMP_V_Data_Push_IntType_Atomic_NonDeterm_Dynamic_NoFieldBug.cpp
","0.068824"
"_omp_32_rmat_MIS_OMP_V_Data_Push_IntType_Atomic_MergeDeterm_Default_NoFieldBug.cpp
","0.253060"
"_omp_32_rmat_MIS_OMP_V_Data_Push_IntType_Atomic_NonDeterm_Default_NoFieldBug.cpp
","0.485546"
"_omp_32_rmat_MIS_OMP_V_Data_Push_IntType_Atomic_CopyDeterm_Dynamic_NoFieldBug.cpp
","0.083824"
"_omp_32_rmat_MIS_OMP_V_Data_Push_IntType_Atomic_MergeDeterm_Dynamic_NoFieldBug.cpp
","0.042917"
"_omp_32_rmat_MIS_OMP_V_Data_Pull_IntType_Atomic_MergeDeterm_Default_NoFieldBug.cpp
","0.001120"
"_omp_32_rmat_MIS_OMP_V_Data_Pull_IntType_Atomic_MergeDeterm_Dynamic_NoFieldBug.cpp
","0.000971"
"_omp_32_rmat_MIS_OMP_V_Data_Pull_IntType_Atomic_NonDeterm_Dynamic_NoFieldBug.cpp
","0.000973"
"_omp_32_rmat_MIS_OMP_V_Data_Pull_IntType_Atomic_NonDeterm_Default_NoFieldBug.cpp
","0.001085"
"_omp_32_rmat_MIS_OMP_V_Data_Pull_IntType_Atomic_CopyDeterm_Default_NoFieldBug.cpp
","0.001109"
"_omp_32_rmat_MIS_OMP_V_Data_Pull_IntType_Atomic_CopyDeterm_Dynamic_NoFieldBug.cpp
","0.000946"
"_omp_32_rmat_MIS_OMP_V_Topo_Push_IntType_Atomic_CopyDeterm_Default_NoBoundsBug.cpp
","0.132268"
"_omp_32_rmat_MIS_OMP_V_Topo_Push_IntType_Atomic_NonDeterm_Dynamic_NoBoundsBug.cpp
","0.029835"
"_omp_32_rmat_MIS_OMP_V_Topo_Push_IntType_Atomic_NonDeterm_Default_NoBoundsBug.cpp
","1.458109"
"_omp_32_rmat_MIS_OMP_V_Topo_Push_IntType_Atomic_CopyDeterm_Dynamic_NoBoundsBug.cpp
","0.021837"
"_omp_32_rmat_MIS_OMP_V_Topo_Push_IntType_Atomic_MergeDeterm_Dynamic_NoBoundsBug.cpp
","0.021563"
"_omp_32_rmat_MIS_OMP_V_Topo_Push_IntType_Atomic_MergeDeterm_Default_NoBoundsBug.cpp
","0.125758"
"_omp_32_rmat_MIS_OMP_V_Topo_Pull_IntType_Atomic_NonDeterm_Dynamic_NoBoundsBug.cpp
","0.006360"
"_omp_32_rmat_MIS_OMP_V_Topo_Pull_IntType_Atomic_CopyDeterm_Default_NoBoundsBug.cpp
","0.019502"
"_omp_32_rmat_MIS_OMP_V_Topo_Pull_IntType_Atomic_CopyDeterm_Dynamic_NoBoundsBug.cpp
","0.003244"
"_omp_32_rmat_MIS_OMP_V_Topo_Pull_IntType_Atomic_MergeDeterm_Dynamic_NoBoundsBug.cpp
","0.003573"
"_omp_32_rmat_MIS_OMP_V_Topo_Pull_IntType_Atomic_MergeDeterm_Default_NoBoundsBug.cpp
","0.019944"
"_omp_32_rmat_MIS_OMP_V_Topo_Pull_IntType_Atomic_NonDeterm_Default_NoBoundsBug.cpp
","0.021699"
"_omp_32_co_MIS_OMP_E_Data_IntType_Atomic_CopyDeterm_Dynamic_NoFieldBug.cpp
","0.004371"
"_omp_32_co_MIS_OMP_E_Data_IntType_Atomic_CopyDeterm_Default_NoFieldBug.cpp
","0.016412"
"_omp_32_co_MIS_OMP_E_Data_IntType_Atomic_NonDeterm_Dynamic_NoFieldBug.cpp
","0.004280"
"_omp_32_co_MIS_OMP_E_Data_IntType_Atomic_MergeDeterm_Dynamic_NoFieldBug.cpp
","0.004263"
"_omp_32_co_MIS_OMP_E_Data_IntType_Atomic_MergeDeterm_Default_NoFieldBug.cpp
","0.008689"
"_omp_32_co_MIS_OMP_E_Data_IntType_Atomic_NonDeterm_Default_NoFieldBug.cpp
","0.018370"
"_omp_32_co_MIS_OMP_E_Topo_IntType_Atomic_CopyDeterm_Dynamic_NoBoundsBug_Block.cpp
","0.000954"
"_omp_32_co_MIS_OMP_E_Topo_IntType_Atomic_CopyDeterm_Default_NoBoundsBug.cpp
","0.268859"
"_omp_32_co_MIS_OMP_E_Topo_IntType_Atomic_MergeDeterm_Default_NoBoundsBug_Cyclic.cpp
","0.275115"
"_omp_32_co_MIS_OMP_E_Topo_IntType_Atomic_CopyDeterm_Dynamic_NoBoundsBug.cpp
","0.000962"
"_omp_32_co_MIS_OMP_E_Topo_IntType_Atomic_NonDeterm_Dynamic_NoBoundsBug.cpp
","0.001222"
"_omp_32_co_MIS_OMP_E_Topo_IntType_Atomic_NonDeterm_Default_NoBoundsBug_Cyclic.cpp
","0.282426"
"_omp_32_co_MIS_OMP_E_Topo_IntType_Atomic_NonDeterm_Default_NoBoundsBug.cpp
","0.285132"
"_omp_32_co_MIS_OMP_E_Topo_IntType_Atomic_CopyDeterm_Default_NoBoundsBug_Cyclic.cpp
","0.271059"
"_omp_32_co_MIS_OMP_E_Topo_IntType_Atomic_NonDeterm_Dynamic_NoBoundsBug_Block.cpp
","0.001186"
"_omp_32_co_MIS_OMP_E_Topo_IntType_Atomic_MergeDeterm_Dynamic_NoBoundsBug.cpp
","0.000943"
"_omp_32_co_MIS_OMP_E_Topo_IntType_Atomic_MergeDeterm_Dynamic_NoBoundsBug_Cyclic.cpp
","0.000993"
"_omp_32_co_MIS_OMP_E_Topo_IntType_Atomic_CopyDeterm_Default_NoBoundsBug_Block.cpp
","0.268845"
"_omp_32_co_MIS_OMP_E_Topo_IntType_Atomic_NonDeterm_Default_NoBoundsBug_Block.cpp
","0.284197"
"_omp_32_co_MIS_OMP_E_Topo_IntType_Atomic_NonDeterm_Dynamic_NoBoundsBug_Cyclic.cpp
","0.001216"
"_omp_32_co_MIS_OMP_E_Topo_IntType_Atomic_MergeDeterm_Dynamic_NoBoundsBug_Block.cpp
","0.000978"
"_omp_32_co_MIS_OMP_E_Topo_IntType_Atomic_MergeDeterm_Default_NoBoundsBug.cpp
","0.276360"
"_omp_32_co_MIS_OMP_E_Topo_IntType_Atomic_MergeDeterm_Default_NoBoundsBug_Block.cpp
","0.277170"
"_omp_32_co_MIS_OMP_E_Topo_IntType_Atomic_CopyDeterm_Dynamic_NoBoundsBug_Cyclic.cpp
","0.000972"
"_omp_32_co_MIS_OMP_V_Data_Push_IntType_Atomic_CopyDeterm_Default_NoFieldBug.cpp
","0.712451"
"_omp_32_co_MIS_OMP_V_Data_Push_IntType_Atomic_NonDeterm_Dynamic_NoFieldBug.cpp
","0.111237"
"_omp_32_co_MIS_OMP_V_Data_Push_IntType_Atomic_MergeDeterm_Default_NoFieldBug.cpp
","0.223182"
"_omp_32_co_MIS_OMP_V_Data_Push_IntType_Atomic_NonDeterm_Default_NoFieldBug.cpp
","1.355025"
"_omp_32_co_MIS_OMP_V_Data_Push_IntType_Atomic_CopyDeterm_Dynamic_NoFieldBug.cpp
","0.207328"
"_omp_32_co_MIS_OMP_V_Data_Push_IntType_Atomic_MergeDeterm_Dynamic_NoFieldBug.cpp
","0.139175"
"_omp_32_co_MIS_OMP_V_Data_Pull_IntType_Atomic_MergeDeterm_Default_NoFieldBug.cpp
","0.001336"
"_omp_32_co_MIS_OMP_V_Data_Pull_IntType_Atomic_MergeDeterm_Dynamic_NoFieldBug.cpp
","0.001180"
"_omp_32_co_MIS_OMP_V_Data_Pull_IntType_Atomic_NonDeterm_Dynamic_NoFieldBug.cpp
","0.001237"
"_omp_32_co_MIS_OMP_V_Data_Pull_IntType_Atomic_NonDeterm_Default_NoFieldBug.cpp
","0.001489"
"_omp_32_co_MIS_OMP_V_Data_Pull_IntType_Atomic_CopyDeterm_Default_NoFieldBug.cpp
","0.001267"
"_omp_32_co_MIS_OMP_V_Data_Pull_IntType_Atomic_CopyDeterm_Dynamic_NoFieldBug.cpp
","0.001142"
"_omp_32_co_MIS_OMP_V_Topo_Push_IntType_Atomic_CopyDeterm_Default_NoBoundsBug.cpp
","0.798070"
"_omp_32_co_MIS_OMP_V_Topo_Push_IntType_Atomic_NonDeterm_Dynamic_NoBoundsBug.cpp
","0.138590"
"_omp_32_co_MIS_OMP_V_Topo_Push_IntType_Atomic_NonDeterm_Default_NoBoundsBug.cpp
","0.772562"
"_omp_32_co_MIS_OMP_V_Topo_Push_IntType_Atomic_CopyDeterm_Dynamic_NoBoundsBug.cpp
","0.098939"
"_omp_32_co_MIS_OMP_V_Topo_Push_IntType_Atomic_MergeDeterm_Dynamic_NoBoundsBug.cpp
","0.092365"
"_omp_32_co_MIS_OMP_V_Topo_Push_IntType_Atomic_MergeDeterm_Default_NoBoundsBug.cpp
","0.367378"
"_omp_32_co_MIS_OMP_V_Topo_Pull_IntType_Atomic_NonDeterm_Dynamic_NoBoundsBug.cpp
","0.005424"
"_omp_32_co_MIS_OMP_V_Topo_Pull_IntType_Atomic_CopyDeterm_Default_NoBoundsBug.cpp
","0.009456"
"_omp_32_co_MIS_OMP_V_Topo_Pull_IntType_Atomic_CopyDeterm_Dynamic_NoBoundsBug.cpp
","0.002611"
"_omp_32_co_MIS_OMP_V_Topo_Pull_IntType_Atomic_MergeDeterm_Dynamic_NoBoundsBug.cpp
","0.002590"
"_omp_32_co_MIS_OMP_V_Topo_Pull_IntType_Atomic_MergeDeterm_Default_NoBoundsBug.cpp
","0.333340"
"_omp_32_co_MIS_OMP_V_Topo_Pull_IntType_Atomic_NonDeterm_Default_NoBoundsBug.cpp
","0.038732"
"_omp_32_soc_MIS_OMP_E_Data_IntType_Atomic_CopyDeterm_Dynamic_NoFieldBug.cpp
","0.003525"
"_omp_32_soc_MIS_OMP_E_Data_IntType_Atomic_CopyDeterm_Default_NoFieldBug.cpp
","0.019360"
"_omp_32_soc_MIS_OMP_E_Data_IntType_Atomic_NonDeterm_Dynamic_NoFieldBug.cpp
","0.003583"
"_omp_32_soc_MIS_OMP_E_Data_IntType_Atomic_MergeDeterm_Dynamic_NoFieldBug.cpp
","0.003677"
"_omp_32_soc_MIS_OMP_E_Data_IntType_Atomic_MergeDeterm_Default_NoFieldBug.cpp
","0.017579"
"_omp_32_soc_MIS_OMP_E_Data_IntType_Atomic_NonDeterm_Default_NoFieldBug.cpp
","0.015577"
"_omp_32_soc_MIS_OMP_E_Topo_IntType_Atomic_CopyDeterm_Dynamic_NoBoundsBug_Block.cpp
","0.000925"
"_omp_32_soc_MIS_OMP_E_Topo_IntType_Atomic_CopyDeterm_Default_NoBoundsBug.cpp
","0.162381"
"_omp_32_soc_MIS_OMP_E_Topo_IntType_Atomic_MergeDeterm_Default_NoBoundsBug_Cyclic.cpp
","0.169644"
"_omp_32_soc_MIS_OMP_E_Topo_IntType_Atomic_CopyDeterm_Dynamic_NoBoundsBug.cpp
","0.000921"
"_omp_32_soc_MIS_OMP_E_Topo_IntType_Atomic_NonDeterm_Dynamic_NoBoundsBug.cpp
","0.001019"
"_omp_32_soc_MIS_OMP_E_Topo_IntType_Atomic_NonDeterm_Default_NoBoundsBug_Cyclic.cpp
","0.165666"
"_omp_32_soc_MIS_OMP_E_Topo_IntType_Atomic_NonDeterm_Default_NoBoundsBug.cpp
","0.172054"
"_omp_32_soc_MIS_OMP_E_Topo_IntType_Atomic_CopyDeterm_Default_NoBoundsBug_Cyclic.cpp
","0.163683"
"_omp_32_soc_MIS_OMP_E_Topo_IntType_Atomic_NonDeterm_Dynamic_NoBoundsBug_Block.cpp
","0.001024"
"_omp_32_soc_MIS_OMP_E_Topo_IntType_Atomic_MergeDeterm_Dynamic_NoBoundsBug.cpp
","0.000939"
"_omp_32_soc_MIS_OMP_E_Topo_IntType_Atomic_MergeDeterm_Dynamic_NoBoundsBug_Cyclic.cpp
","0.000968"
"_omp_32_soc_MIS_OMP_E_Topo_IntType_Atomic_CopyDeterm_Default_NoBoundsBug_Block.cpp
","0.160057"
"_omp_32_soc_MIS_OMP_E_Topo_IntType_Atomic_NonDeterm_Default_NoBoundsBug_Block.cpp
","0.170181"
"_omp_32_soc_MIS_OMP_E_Topo_IntType_Atomic_NonDeterm_Dynamic_NoBoundsBug_Cyclic.cpp
","0.001009"
"_omp_32_soc_MIS_OMP_E_Topo_IntType_Atomic_MergeDeterm_Dynamic_NoBoundsBug_Block.cpp
","0.000916"
"_omp_32_soc_MIS_OMP_E_Topo_IntType_Atomic_MergeDeterm_Default_NoBoundsBug.cpp
","0.166034"
"_omp_32_soc_MIS_OMP_E_Topo_IntType_Atomic_MergeDeterm_Default_NoBoundsBug_Block.cpp
","0.172828"
"_omp_32_soc_MIS_OMP_E_Topo_IntType_Atomic_CopyDeterm_Dynamic_NoBoundsBug_Cyclic.cpp
","0.000951"
"_omp_32_soc_MIS_OMP_V_Data_Push_IntType_Atomic_CopyDeterm_Default_NoFieldBug.cpp
","0.309646"
"_omp_32_soc_MIS_OMP_V_Data_Push_IntType_Atomic_NonDeterm_Dynamic_NoFieldBug.cpp
","0.105563"
"_omp_32_soc_MIS_OMP_V_Data_Push_IntType_Atomic_MergeDeterm_Default_NoFieldBug.cpp
","0.097688"
"_omp_32_soc_MIS_OMP_V_Data_Push_IntType_Atomic_NonDeterm_Default_NoFieldBug.cpp
","0.202731"
"_omp_32_soc_MIS_OMP_V_Data_Push_IntType_Atomic_CopyDeterm_Dynamic_NoFieldBug.cpp
","0.044501"
"_omp_32_soc_MIS_OMP_V_Data_Push_IntType_Atomic_MergeDeterm_Dynamic_NoFieldBug.cpp
","0.054255"
"_omp_32_soc_MIS_OMP_V_Data_Pull_IntType_Atomic_MergeDeterm_Default_NoFieldBug.cpp
","0.001060"
"_omp_32_soc_MIS_OMP_V_Data_Pull_IntType_Atomic_MergeDeterm_Dynamic_NoFieldBug.cpp
","0.000961"
"_omp_32_soc_MIS_OMP_V_Data_Pull_IntType_Atomic_NonDeterm_Dynamic_NoFieldBug.cpp
","0.001016"
"_omp_32_soc_MIS_OMP_V_Data_Pull_IntType_Atomic_NonDeterm_Default_NoFieldBug.cpp
","0.001072"
"_omp_32_soc_MIS_OMP_V_Data_Pull_IntType_Atomic_CopyDeterm_Default_NoFieldBug.cpp
","0.001060"
"_omp_32_soc_MIS_OMP_V_Data_Pull_IntType_Atomic_CopyDeterm_Dynamic_NoFieldBug.cpp
","0.000922"
"_omp_32_soc_MIS_OMP_V_Topo_Push_IntType_Atomic_CopyDeterm_Default_NoBoundsBug.cpp
","1.500577"
"_omp_32_soc_MIS_OMP_V_Topo_Push_IntType_Atomic_NonDeterm_Dynamic_NoBoundsBug.cpp
","0.037735"
"_omp_32_soc_MIS_OMP_V_Topo_Push_IntType_Atomic_NonDeterm_Default_NoBoundsBug.cpp
","0.224280"
"_omp_32_soc_MIS_OMP_V_Topo_Push_IntType_Atomic_CopyDeterm_Dynamic_NoBoundsBug.cpp
","0.033563"
"_omp_32_soc_MIS_OMP_V_Topo_Push_IntType_Atomic_MergeDeterm_Dynamic_NoBoundsBug.cpp
","0.027788"
"_omp_32_soc_MIS_OMP_V_Topo_Push_IntType_Atomic_MergeDeterm_Default_NoBoundsBug.cpp
","0.289549"
"_omp_32_soc_MIS_OMP_V_Topo_Pull_IntType_Atomic_NonDeterm_Dynamic_NoBoundsBug.cpp
","0.001970"
"_omp_32_soc_MIS_OMP_V_Topo_Pull_IntType_Atomic_CopyDeterm_Default_NoBoundsBug.cpp
","0.048279"
"_omp_32_soc_MIS_OMP_V_Topo_Pull_IntType_Atomic_CopyDeterm_Dynamic_NoBoundsBug.cpp
","0.001218"
"_omp_32_soc_MIS_OMP_V_Topo_Pull_IntType_Atomic_MergeDeterm_Dynamic_NoBoundsBug.cpp
","0.001182"
"_omp_32_soc_MIS_OMP_V_Topo_Pull_IntType_Atomic_MergeDeterm_Default_NoBoundsBug.cpp
","0.005770"
"_omp_32_soc_MIS_OMP_V_Topo_Pull_IntType_Atomic_NonDeterm_Default_NoBoundsBug.cpp
","0.014511"
