filename,mis
16_rmat_MIS_CUDA_E_Data_push_NonDeterm_IntType_Persist_Atomic_Thread.cu,0.781825
16_rmat_MIS_CUDA_E_Data_push_Determ_IntType_NonPersist_Atomic_Thread.cu,0.761921
16_rmat_MIS_CUDA_E_Data_push_NonDeterm_IntType_NonPersist_Atomic_Thread.cu,0.932113
16_rmat_MIS_CUDA_E_Data_push_NonDeterm_IntType_Persist_CudaAtomic_Thread.cu,0.056243
16_rmat_MIS_CUDA_E_Data_push_Determ_IntType_Persist_CudaAtomic_Thread.cu,0.048712
16_rmat_MIS_CUDA_E_Data_push_Determ_IntType_NonPersist_CudaAtomic_Thread.cu,0.048735
16_rmat_MIS_CUDA_E_Data_push_NonDeterm_IntType_NonPersist_CudaAtomic_Thread.cu,0.055363
16_rmat_MIS_CUDA_E_Data_push_Determ_IntType_Persist_Atomic_Thread.cu,0.636174
16_rmat_MIS_CUDA_E_Topo_push_NonDeterm_IntType_NonPersist_Atomic_Thread.cu,0.119358
16_rmat_MIS_CUDA_E_Topo_push_Determ_IntType_Persist_CudaAtomic_Thread.cu,0.002105
16_rmat_MIS_CUDA_E_Topo_push_Determ_IntType_NonPersist_Atomic_Thread.cu,0.107820
16_rmat_MIS_CUDA_E_Topo_push_NonDeterm_IntType_NonPersist_CudaAtomic_Thread.cu,0.002314
16_rmat_MIS_CUDA_E_Topo_push_Determ_IntType_Persist_Atomic_Thread.cu,0.101619
16_rmat_MIS_CUDA_E_Topo_push_Determ_IntType_NonPersist_CudaAtomic_Thread.cu,0.002105
16_rmat_MIS_CUDA_E_Topo_push_NonDeterm_IntType_Persist_CudaAtomic_Thread.cu,0.002317
16_rmat_MIS_CUDA_E_Topo_push_NonDeterm_IntType_Persist_Atomic_Thread.cu,0.111733
16_rmat_MIS_CUDA_V_Data_Push_NonDeterm_IntType_Persist_CudaAtomic_Thread.cu,0.123977
16_rmat_MIS_CUDA_V_Data_Push_NonDeterm_IntType_NonPersist_Atomic_Warp.cu,6.031675
16_rmat_MIS_CUDA_V_Data_Push_Determ_IntType_Persist_CudaAtomic_Warp.cu,0.042908
16_rmat_MIS_CUDA_V_Data_Push_NonDeterm_IntType_Persist_Atomic_Block.cu,1.159389
16_rmat_MIS_CUDA_V_Data_Push_NonDeterm_IntType_NonPersist_Atomic_Thread.cu,6.823321
16_rmat_MIS_CUDA_V_Data_Push_Determ_IntType_NonPersist_CudaAtomic_Block.cu,0.042469
16_rmat_MIS_CUDA_V_Data_Push_Determ_IntType_NonPersist_CudaAtomic_Warp.cu,0.042925
16_rmat_MIS_CUDA_V_Data_Push_NonDeterm_IntType_Persist_CudaAtomic_Block.cu,0.053482
16_rmat_MIS_CUDA_V_Data_Push_Determ_IntType_Persist_CudaAtomic_Block.cu,0.041273
16_rmat_MIS_CUDA_V_Data_Push_Determ_IntType_NonPersist_CudaAtomic_Thread.cu,0.097116
16_rmat_MIS_CUDA_V_Data_Push_Determ_IntType_NonPersist_Atomic_Warp.cu,3.828396
16_rmat_MIS_CUDA_V_Data_Push_Determ_IntType_NonPersist_Atomic_Thread.cu,4.939875
16_rmat_MIS_CUDA_V_Data_Push_NonDeterm_IntType_Persist_CudaAtomic_Warp.cu,0.055409
16_rmat_MIS_CUDA_V_Data_Push_Determ_IntType_Persist_Atomic_Block.cu,0.770531
16_rmat_MIS_CUDA_V_Data_Push_NonDeterm_IntType_NonPersist_CudaAtomic_Thread.cu,0.104667
16_rmat_MIS_CUDA_V_Data_Push_NonDeterm_IntType_NonPersist_CudaAtomic_Block.cu,0.056024
16_rmat_MIS_CUDA_V_Data_Push_NonDeterm_IntType_NonPersist_Atomic_Block.cu,1.164942
16_rmat_MIS_CUDA_V_Data_Push_Determ_IntType_NonPersist_Atomic_Block.cu,0.788595
16_rmat_MIS_CUDA_V_Data_Push_NonDeterm_IntType_NonPersist_CudaAtomic_Warp.cu,0.055676
16_rmat_MIS_CUDA_V_Data_Push_Determ_IntType_Persist_Atomic_Warp.cu,3.340327
16_rmat_MIS_CUDA_V_Data_Push_Determ_IntType_Persist_CudaAtomic_Thread.cu,0.118221
16_rmat_MIS_CUDA_V_Data_Push_NonDeterm_IntType_Persist_Atomic_Thread.cu,3.820821
16_rmat_MIS_CUDA_V_Data_Push_Determ_IntType_Persist_Atomic_Thread.cu,3.053707
16_rmat_MIS_CUDA_V_Data_Push_NonDeterm_IntType_Persist_Atomic_Warp.cu,5.175848
16_rmat_MIS_CUDA_V_Data_Pull_NonDeterm_IntType_NonPersist_CudaAtomic_Warp.cu,0.010575
16_rmat_MIS_CUDA_V_Data_Pull_NonDeterm_IntType_NonPersist_Atomic_Warp.cu,0.768817
16_rmat_MIS_CUDA_V_Data_Pull_Determ_IntType_NonPersist_Atomic_Warp.cu,0.665479
16_rmat_MIS_CUDA_V_Data_Pull_NonDeterm_IntType_Persist_CudaAtomic_Warp.cu,0.010430
16_rmat_MIS_CUDA_V_Data_Pull_NonDeterm_IntType_NonPersist_Atomic_Block.cu,0.193429
16_rmat_MIS_CUDA_V_Data_Pull_Determ_IntType_Persist_Atomic_Thread.cu,0.302921
16_rmat_MIS_CUDA_V_Data_Pull_NonDeterm_IntType_Persist_CudaAtomic_Thread.cu,0.042581
16_rmat_MIS_CUDA_V_Data_Pull_NonDeterm_IntType_Persist_Atomic_Block.cu,0.186074
16_rmat_MIS_CUDA_V_Data_Pull_Determ_IntType_NonPersist_CudaAtomic_Warp.cu,0.009563
16_rmat_MIS_CUDA_V_Data_Pull_Determ_IntType_NonPersist_CudaAtomic_Block.cu,0.009302
16_rmat_MIS_CUDA_V_Data_Pull_Determ_IntType_NonPersist_Atomic_Thread.cu,0.328613
16_rmat_MIS_CUDA_V_Data_Pull_NonDeterm_IntType_Persist_Atomic_Thread.cu,0.325200
16_rmat_MIS_CUDA_V_Data_Pull_Determ_IntType_Persist_CudaAtomic_Block.cu,0.009134
16_rmat_MIS_CUDA_V_Data_Pull_Determ_IntType_Persist_CudaAtomic_Warp.cu,0.009538
16_rmat_MIS_CUDA_V_Data_Pull_NonDeterm_IntType_NonPersist_CudaAtomic_Block.cu,0.010526
16_rmat_MIS_CUDA_V_Data_Pull_NonDeterm_IntType_NonPersist_Atomic_Thread.cu,0.366507
16_rmat_MIS_CUDA_V_Data_Pull_NonDeterm_IntType_NonPersist_CudaAtomic_Thread.cu,0.041621
16_rmat_MIS_CUDA_V_Data_Pull_NonDeterm_IntType_Persist_CudaAtomic_Block.cu,0.010264
16_rmat_MIS_CUDA_V_Data_Pull_NonDeterm_IntType_Persist_Atomic_Warp.cu,0.679093
16_rmat_MIS_CUDA_V_Data_Pull_Determ_IntType_NonPersist_Atomic_Block.cu,0.170831
16_rmat_MIS_CUDA_V_Data_Pull_Determ_IntType_Persist_Atomic_Block.cu,0.165414
16_rmat_MIS_CUDA_V_Data_Pull_Determ_IntType_Persist_Atomic_Warp.cu,0.610480
16_rmat_MIS_CUDA_V_Data_Pull_Determ_IntType_Persist_CudaAtomic_Thread.cu,0.040824
16_rmat_MIS_CUDA_V_Data_Pull_Determ_IntType_NonPersist_CudaAtomic_Thread.cu,0.039694
16_rmat_MIS_CUDA_V_Topo_Push_NonDeterm_IntType_NonPersist_Atomic_Thread.cu,7.229775
16_rmat_MIS_CUDA_V_Topo_Push_NonDeterm_IntType_NonPersist_Atomic_Block.cu,0.726779
16_rmat_MIS_CUDA_V_Topo_Push_Determ_IntType_Persist_CudaAtomic_Warp.cu,0.021788
16_rmat_MIS_CUDA_V_Topo_Push_NonDeterm_IntType_NonPersist_CudaAtomic_Warp.cu,0.029403
16_rmat_MIS_CUDA_V_Topo_Push_Determ_IntType_NonPersist_Atomic_Thread.cu,5.296936
16_rmat_MIS_CUDA_V_Topo_Push_NonDeterm_IntType_NonPersist_CudaAtomic_Thread.cu,0.084519
16_rmat_MIS_CUDA_V_Topo_Push_Determ_IntType_NonPersist_Atomic_Block.cu,0.513296
16_rmat_MIS_CUDA_V_Topo_Push_NonDeterm_IntType_NonPersist_Atomic_Warp.cu,5.326153
16_rmat_MIS_CUDA_V_Topo_Push_Determ_IntType_NonPersist_CudaAtomic_Warp.cu,0.021796
16_rmat_MIS_CUDA_V_Topo_Push_Determ_IntType_Persist_Atomic_Block.cu,0.520044
16_rmat_MIS_CUDA_V_Topo_Push_Determ_IntType_NonPersist_CudaAtomic_Thread.cu,0.075012
16_rmat_MIS_CUDA_V_Topo_Push_NonDeterm_IntType_Persist_Atomic_Block.cu,0.746459
16_rmat_MIS_CUDA_V_Topo_Push_Determ_IntType_Persist_Atomic_Warp.cu,3.150106
16_rmat_MIS_CUDA_V_Topo_Push_Determ_IntType_Persist_CudaAtomic_Block.cu,0.020530
16_rmat_MIS_CUDA_V_Topo_Push_Determ_IntType_NonPersist_CudaAtomic_Block.cu,0.021159
16_rmat_MIS_CUDA_V_Topo_Push_NonDeterm_IntType_Persist_Atomic_Thread.cu,4.068204
16_rmat_MIS_CUDA_V_Topo_Push_Determ_IntType_Persist_CudaAtomic_Thread.cu,0.091718
16_rmat_MIS_CUDA_V_Topo_Push_Determ_IntType_NonPersist_Atomic_Warp.cu,3.524656
16_rmat_MIS_CUDA_V_Topo_Push_Determ_IntType_Persist_Atomic_Thread.cu,3.273384
16_rmat_MIS_CUDA_V_Topo_Push_NonDeterm_IntType_Persist_Atomic_Warp.cu,4.785425
16_rmat_MIS_CUDA_V_Topo_Push_NonDeterm_IntType_NonPersist_CudaAtomic_Block.cu,0.028571
16_rmat_MIS_CUDA_V_Topo_Push_NonDeterm_IntType_Persist_CudaAtomic_Block.cu,0.027745
16_rmat_MIS_CUDA_V_Topo_Push_NonDeterm_IntType_Persist_CudaAtomic_Thread.cu,0.099955
16_rmat_MIS_CUDA_V_Topo_Push_NonDeterm_IntType_Persist_CudaAtomic_Warp.cu,0.029334
16_rmat_MIS_CUDA_V_Topo_Pull_Determ_IntType_Persist_CudaAtomic_Warp.cu,0.002800
16_rmat_MIS_CUDA_V_Topo_Pull_NonDeterm_IntType_Persist_Atomic_Warp.cu,0.816941
16_rmat_MIS_CUDA_V_Topo_Pull_NonDeterm_IntType_Persist_CudaAtomic_Thread.cu,0.021867
16_rmat_MIS_CUDA_V_Topo_Pull_Determ_IntType_NonPersist_Atomic_Block.cu,0.069429
16_rmat_MIS_CUDA_V_Topo_Pull_NonDeterm_IntType_Persist_CudaAtomic_Warp.cu,0.003956
16_rmat_MIS_CUDA_V_Topo_Pull_Determ_IntType_NonPersist_CudaAtomic_Warp.cu,0.002802
16_rmat_MIS_CUDA_V_Topo_Pull_NonDeterm_IntType_Persist_Atomic_Thread.cu,0.659735
16_rmat_MIS_CUDA_V_Topo_Pull_NonDeterm_IntType_NonPersist_Atomic_Warp.cu,0.894549
16_rmat_MIS_CUDA_V_Topo_Pull_NonDeterm_IntType_Persist_CudaAtomic_Block.cu,0.004117
16_rmat_MIS_CUDA_V_Topo_Pull_Determ_IntType_Persist_Atomic_Thread.cu,0.519785
16_rmat_MIS_CUDA_V_Topo_Pull_Determ_IntType_NonPersist_CudaAtomic_Thread.cu,0.013775
16_rmat_MIS_CUDA_V_Topo_Pull_Determ_IntType_Persist_Atomic_Warp.cu,0.550296
16_rmat_MIS_CUDA_V_Topo_Pull_NonDeterm_IntType_NonPersist_Atomic_Thread.cu,1.550835
16_rmat_MIS_CUDA_V_Topo_Pull_Determ_IntType_NonPersist_Atomic_Warp.cu,0.576012
16_rmat_MIS_CUDA_V_Topo_Pull_NonDeterm_IntType_NonPersist_Atomic_Block.cu,0.108567
16_rmat_MIS_CUDA_V_Topo_Pull_NonDeterm_IntType_NonPersist_CudaAtomic_Block.cu,0.004239
16_rmat_MIS_CUDA_V_Topo_Pull_NonDeterm_IntType_Persist_Atomic_Block.cu,0.109365
16_rmat_MIS_CUDA_V_Topo_Pull_Determ_IntType_Persist_Atomic_Block.cu,0.069994
16_rmat_MIS_CUDA_V_Topo_Pull_Determ_IntType_Persist_CudaAtomic_Thread.cu,0.017750
16_rmat_MIS_CUDA_V_Topo_Pull_NonDeterm_IntType_NonPersist_CudaAtomic_Warp.cu,0.004238
16_rmat_MIS_CUDA_V_Topo_Pull_NonDeterm_IntType_NonPersist_CudaAtomic_Thread.cu,0.017900
16_rmat_MIS_CUDA_V_Topo_Pull_Determ_IntType_NonPersist_Atomic_Thread.cu,1.109716
16_rmat_MIS_CUDA_V_Topo_Pull_Determ_IntType_NonPersist_CudaAtomic_Block.cu,0.002741
16_rmat_MIS_CUDA_V_Topo_Pull_Determ_IntType_Persist_CudaAtomic_Block.cu,0.002649
16_2d_MIS_CUDA_E_Data_push_NonDeterm_IntType_Persist_Atomic_Thread.cu,1.153374
16_2d_MIS_CUDA_E_Data_push_Determ_IntType_NonPersist_Atomic_Thread.cu,1.033344
16_2d_MIS_CUDA_E_Data_push_NonDeterm_IntType_NonPersist_Atomic_Thread.cu,1.328959
16_2d_MIS_CUDA_E_Data_push_NonDeterm_IntType_Persist_CudaAtomic_Thread.cu,0.046551
16_2d_MIS_CUDA_E_Data_push_Determ_IntType_Persist_CudaAtomic_Thread.cu,0.043193
16_2d_MIS_CUDA_E_Data_push_Determ_IntType_NonPersist_CudaAtomic_Thread.cu,0.043217
16_2d_MIS_CUDA_E_Data_push_NonDeterm_IntType_NonPersist_CudaAtomic_Thread.cu,0.046525
16_2d_MIS_CUDA_E_Data_push_Determ_IntType_Persist_Atomic_Thread.cu,0.913895
16_2d_MIS_CUDA_E_Topo_push_NonDeterm_IntType_NonPersist_Atomic_Thread.cu,0.406619
16_2d_MIS_CUDA_E_Topo_push_Determ_IntType_Persist_CudaAtomic_Thread.cu,0.002461
16_2d_MIS_CUDA_E_Topo_push_Determ_IntType_NonPersist_Atomic_Thread.cu,0.280094
16_2d_MIS_CUDA_E_Topo_push_NonDeterm_IntType_NonPersist_CudaAtomic_Thread.cu,0.003035
16_2d_MIS_CUDA_E_Topo_push_Determ_IntType_Persist_Atomic_Thread.cu,0.274336
16_2d_MIS_CUDA_E_Topo_push_Determ_IntType_NonPersist_CudaAtomic_Thread.cu,0.002462
16_2d_MIS_CUDA_E_Topo_push_NonDeterm_IntType_Persist_CudaAtomic_Thread.cu,0.003034
16_2d_MIS_CUDA_E_Topo_push_NonDeterm_IntType_Persist_Atomic_Thread.cu,0.395788
16_2d_MIS_CUDA_V_Data_Push_NonDeterm_IntType_Persist_CudaAtomic_Thread.cu,0.093143
16_2d_MIS_CUDA_V_Data_Push_NonDeterm_IntType_NonPersist_Atomic_Warp.cu,2.397144
16_2d_MIS_CUDA_V_Data_Push_Determ_IntType_Persist_CudaAtomic_Warp.cu,0.014166
16_2d_MIS_CUDA_V_Data_Push_NonDeterm_IntType_Persist_Atomic_Block.cu,0.385165
16_2d_MIS_CUDA_V_Data_Push_NonDeterm_IntType_NonPersist_Atomic_Thread.cu,4.660966
16_2d_MIS_CUDA_V_Data_Push_Determ_IntType_NonPersist_CudaAtomic_Block.cu,0.014130
16_2d_MIS_CUDA_V_Data_Push_Determ_IntType_NonPersist_CudaAtomic_Warp.cu,0.014189
16_2d_MIS_CUDA_V_Data_Push_NonDeterm_IntType_Persist_CudaAtomic_Block.cu,0.017149
16_2d_MIS_CUDA_V_Data_Push_Determ_IntType_Persist_CudaAtomic_Block.cu,0.013631
16_2d_MIS_CUDA_V_Data_Push_Determ_IntType_NonPersist_CudaAtomic_Thread.cu,0.117832
16_2d_MIS_CUDA_V_Data_Push_Determ_IntType_NonPersist_Atomic_Warp.cu,1.571132
16_2d_MIS_CUDA_V_Data_Push_Determ_IntType_NonPersist_Atomic_Thread.cu,3.721321
16_2d_MIS_CUDA_V_Data_Push_NonDeterm_IntType_Persist_CudaAtomic_Warp.cu,0.017862
16_2d_MIS_CUDA_V_Data_Push_Determ_IntType_Persist_Atomic_Block.cu,0.250177
16_2d_MIS_CUDA_V_Data_Push_NonDeterm_IntType_NonPersist_CudaAtomic_Thread.cu,0.127138
16_2d_MIS_CUDA_V_Data_Push_NonDeterm_IntType_NonPersist_CudaAtomic_Block.cu,0.017924
16_2d_MIS_CUDA_V_Data_Push_NonDeterm_IntType_NonPersist_Atomic_Block.cu,0.350586
16_2d_MIS_CUDA_V_Data_Push_Determ_IntType_NonPersist_Atomic_Block.cu,0.255937
16_2d_MIS_CUDA_V_Data_Push_NonDeterm_IntType_NonPersist_CudaAtomic_Warp.cu,0.017918
16_2d_MIS_CUDA_V_Data_Push_Determ_IntType_Persist_Atomic_Warp.cu,1.782309
16_2d_MIS_CUDA_V_Data_Push_Determ_IntType_Persist_CudaAtomic_Thread.cu,0.107183
16_2d_MIS_CUDA_V_Data_Push_NonDeterm_IntType_Persist_Atomic_Thread.cu,3.145802
16_2d_MIS_CUDA_V_Data_Push_Determ_IntType_Persist_Atomic_Thread.cu,2.930215
16_2d_MIS_CUDA_V_Data_Push_NonDeterm_IntType_Persist_Atomic_Warp.cu,2.854365
16_2d_MIS_CUDA_V_Data_Pull_NonDeterm_IntType_NonPersist_CudaAtomic_Warp.cu,0.007898
16_2d_MIS_CUDA_V_Data_Pull_NonDeterm_IntType_NonPersist_Atomic_Warp.cu,0.647136
16_2d_MIS_CUDA_V_Data_Pull_Determ_IntType_NonPersist_Atomic_Warp.cu,0.573294
16_2d_MIS_CUDA_V_Data_Pull_NonDeterm_IntType_Persist_CudaAtomic_Warp.cu,0.007884
16_2d_MIS_CUDA_V_Data_Pull_NonDeterm_IntType_NonPersist_Atomic_Block.cu,0.143054
16_2d_MIS_CUDA_V_Data_Pull_Determ_IntType_Persist_Atomic_Thread.cu,0.462751
16_2d_MIS_CUDA_V_Data_Pull_NonDeterm_IntType_Persist_CudaAtomic_Thread.cu,0.045599
16_2d_MIS_CUDA_V_Data_Pull_NonDeterm_IntType_Persist_Atomic_Block.cu,0.145594
16_2d_MIS_CUDA_V_Data_Pull_Determ_IntType_NonPersist_CudaAtomic_Warp.cu,0.007231
16_2d_MIS_CUDA_V_Data_Pull_Determ_IntType_NonPersist_CudaAtomic_Block.cu,0.007187
16_2d_MIS_CUDA_V_Data_Pull_Determ_IntType_NonPersist_Atomic_Thread.cu,0.519040
16_2d_MIS_CUDA_V_Data_Pull_NonDeterm_IntType_Persist_Atomic_Thread.cu,0.482132
16_2d_MIS_CUDA_V_Data_Pull_Determ_IntType_Persist_CudaAtomic_Block.cu,0.006952
16_2d_MIS_CUDA_V_Data_Pull_Determ_IntType_Persist_CudaAtomic_Warp.cu,0.007223
16_2d_MIS_CUDA_V_Data_Pull_NonDeterm_IntType_NonPersist_CudaAtomic_Block.cu,0.007863
16_2d_MIS_CUDA_V_Data_Pull_NonDeterm_IntType_NonPersist_Atomic_Thread.cu,0.550763
16_2d_MIS_CUDA_V_Data_Pull_NonDeterm_IntType_NonPersist_CudaAtomic_Thread.cu,0.068595
16_2d_MIS_CUDA_V_Data_Pull_NonDeterm_IntType_Persist_CudaAtomic_Block.cu,0.007620
16_2d_MIS_CUDA_V_Data_Pull_NonDeterm_IntType_Persist_Atomic_Warp.cu,0.578359
16_2d_MIS_CUDA_V_Data_Pull_Determ_IntType_NonPersist_Atomic_Block.cu,0.128886
16_2d_MIS_CUDA_V_Data_Pull_Determ_IntType_Persist_Atomic_Block.cu,0.131071
16_2d_MIS_CUDA_V_Data_Pull_Determ_IntType_Persist_Atomic_Warp.cu,0.535695
16_2d_MIS_CUDA_V_Data_Pull_Determ_IntType_Persist_CudaAtomic_Thread.cu,0.050074
16_2d_MIS_CUDA_V_Data_Pull_Determ_IntType_NonPersist_CudaAtomic_Thread.cu,0.073620
16_2d_MIS_CUDA_V_Topo_Push_NonDeterm_IntType_NonPersist_Atomic_Thread.cu,4.947117
16_2d_MIS_CUDA_V_Topo_Push_NonDeterm_IntType_NonPersist_Atomic_Block.cu,0.255360
16_2d_MIS_CUDA_V_Topo_Push_Determ_IntType_Persist_CudaAtomic_Warp.cu,0.006807
16_2d_MIS_CUDA_V_Topo_Push_NonDeterm_IntType_NonPersist_CudaAtomic_Warp.cu,0.009407
16_2d_MIS_CUDA_V_Topo_Push_Determ_IntType_NonPersist_Atomic_Thread.cu,3.778366
16_2d_MIS_CUDA_V_Topo_Push_NonDeterm_IntType_NonPersist_CudaAtomic_Thread.cu,0.076409
16_2d_MIS_CUDA_V_Topo_Push_Determ_IntType_NonPersist_Atomic_Block.cu,0.166212
16_2d_MIS_CUDA_V_Topo_Push_NonDeterm_IntType_NonPersist_Atomic_Warp.cu,1.987765
16_2d_MIS_CUDA_V_Topo_Push_Determ_IntType_NonPersist_CudaAtomic_Warp.cu,0.006828
16_2d_MIS_CUDA_V_Topo_Push_Determ_IntType_Persist_Atomic_Block.cu,0.172635
16_2d_MIS_CUDA_V_Topo_Push_Determ_IntType_NonPersist_CudaAtomic_Thread.cu,0.063773
16_2d_MIS_CUDA_V_Topo_Push_NonDeterm_IntType_Persist_Atomic_Block.cu,0.239099
16_2d_MIS_CUDA_V_Topo_Push_Determ_IntType_Persist_Atomic_Warp.cu,1.287314
16_2d_MIS_CUDA_V_Topo_Push_Determ_IntType_Persist_CudaAtomic_Block.cu,0.006385
16_2d_MIS_CUDA_V_Topo_Push_Determ_IntType_NonPersist_CudaAtomic_Block.cu,0.006579
16_2d_MIS_CUDA_V_Topo_Push_NonDeterm_IntType_Persist_Atomic_Thread.cu,3.415002
16_2d_MIS_CUDA_V_Topo_Push_Determ_IntType_Persist_CudaAtomic_Thread.cu,0.062352
16_2d_MIS_CUDA_V_Topo_Push_Determ_IntType_NonPersist_Atomic_Warp.cu,1.254553
16_2d_MIS_CUDA_V_Topo_Push_Determ_IntType_Persist_Atomic_Thread.cu,3.152903
16_2d_MIS_CUDA_V_Topo_Push_NonDeterm_IntType_Persist_Atomic_Warp.cu,2.157677
16_2d_MIS_CUDA_V_Topo_Push_NonDeterm_IntType_NonPersist_CudaAtomic_Block.cu,0.009106
16_2d_MIS_CUDA_V_Topo_Push_NonDeterm_IntType_Persist_CudaAtomic_Block.cu,0.008804
16_2d_MIS_CUDA_V_Topo_Push_NonDeterm_IntType_Persist_CudaAtomic_Thread.cu,0.059610
16_2d_MIS_CUDA_V_Topo_Push_NonDeterm_IntType_Persist_CudaAtomic_Warp.cu,0.009393
16_2d_MIS_CUDA_V_Topo_Pull_Determ_IntType_Persist_CudaAtomic_Warp.cu,0.003552
16_2d_MIS_CUDA_V_Topo_Pull_NonDeterm_IntType_Persist_Atomic_Warp.cu,1.243754
16_2d_MIS_CUDA_V_Topo_Pull_NonDeterm_IntType_Persist_CudaAtomic_Thread.cu,0.039587
16_2d_MIS_CUDA_V_Topo_Pull_Determ_IntType_NonPersist_Atomic_Block.cu,0.090450
16_2d_MIS_CUDA_V_Topo_Pull_NonDeterm_IntType_Persist_CudaAtomic_Warp.cu,0.004846
16_2d_MIS_CUDA_V_Topo_Pull_Determ_IntType_NonPersist_CudaAtomic_Warp.cu,0.003554
16_2d_MIS_CUDA_V_Topo_Pull_NonDeterm_IntType_Persist_Atomic_Thread.cu,2.276050
16_2d_MIS_CUDA_V_Topo_Pull_NonDeterm_IntType_NonPersist_Atomic_Warp.cu,1.178680
16_2d_MIS_CUDA_V_Topo_Pull_NonDeterm_IntType_Persist_CudaAtomic_Block.cu,0.004848
16_2d_MIS_CUDA_V_Topo_Pull_Determ_IntType_Persist_Atomic_Thread.cu,1.774008
16_2d_MIS_CUDA_V_Topo_Pull_Determ_IntType_NonPersist_CudaAtomic_Thread.cu,0.034450
16_2d_MIS_CUDA_V_Topo_Pull_Determ_IntType_Persist_Atomic_Warp.cu,0.764218
16_2d_MIS_CUDA_V_Topo_Pull_NonDeterm_IntType_NonPersist_Atomic_Thread.cu,3.390136
16_2d_MIS_CUDA_V_Topo_Pull_Determ_IntType_NonPersist_Atomic_Warp.cu,0.733965
16_2d_MIS_CUDA_V_Topo_Pull_NonDeterm_IntType_NonPersist_Atomic_Block.cu,0.136662
16_2d_MIS_CUDA_V_Topo_Pull_NonDeterm_IntType_NonPersist_CudaAtomic_Block.cu,0.004976
16_2d_MIS_CUDA_V_Topo_Pull_NonDeterm_IntType_Persist_Atomic_Block.cu,0.138726
16_2d_MIS_CUDA_V_Topo_Pull_Determ_IntType_Persist_Atomic_Block.cu,0.095035
16_2d_MIS_CUDA_V_Topo_Pull_Determ_IntType_Persist_CudaAtomic_Thread.cu,0.033529
16_2d_MIS_CUDA_V_Topo_Pull_NonDeterm_IntType_NonPersist_CudaAtomic_Warp.cu,0.005167
16_2d_MIS_CUDA_V_Topo_Pull_NonDeterm_IntType_NonPersist_CudaAtomic_Thread.cu,0.045443
16_2d_MIS_CUDA_V_Topo_Pull_Determ_IntType_NonPersist_Atomic_Thread.cu,2.277287
16_2d_MIS_CUDA_V_Topo_Pull_Determ_IntType_NonPersist_CudaAtomic_Block.cu,0.003434
16_2d_MIS_CUDA_V_Topo_Pull_Determ_IntType_Persist_CudaAtomic_Block.cu,0.003332
16_co_MIS_CUDA_E_Data_push_NonDeterm_IntType_Persist_Atomic_Thread.cu,4.041816
16_co_MIS_CUDA_E_Data_push_Determ_IntType_NonPersist_Atomic_Thread.cu,4.230224
16_co_MIS_CUDA_E_Data_push_NonDeterm_IntType_NonPersist_Atomic_Thread.cu,4.570748
16_co_MIS_CUDA_E_Data_push_NonDeterm_IntType_Persist_CudaAtomic_Thread.cu,0.066498
16_co_MIS_CUDA_E_Data_push_Determ_IntType_Persist_CudaAtomic_Thread.cu,0.060409
16_co_MIS_CUDA_E_Data_push_Determ_IntType_NonPersist_CudaAtomic_Thread.cu,0.060533
16_co_MIS_CUDA_E_Data_push_NonDeterm_IntType_NonPersist_CudaAtomic_Thread.cu,0.063117
16_co_MIS_CUDA_E_Data_push_Determ_IntType_Persist_Atomic_Thread.cu,3.576291
16_co_MIS_CUDA_E_Topo_push_NonDeterm_IntType_NonPersist_Atomic_Thread.cu,1.431322
16_co_MIS_CUDA_E_Topo_push_Determ_IntType_Persist_CudaAtomic_Thread.cu,0.002710
16_co_MIS_CUDA_E_Topo_push_Determ_IntType_NonPersist_Atomic_Thread.cu,1.324736
16_co_MIS_CUDA_E_Topo_push_NonDeterm_IntType_NonPersist_CudaAtomic_Thread.cu,0.002955
16_co_MIS_CUDA_E_Topo_push_Determ_IntType_Persist_Atomic_Thread.cu,1.641355
16_co_MIS_CUDA_E_Topo_push_Determ_IntType_NonPersist_CudaAtomic_Thread.cu,0.002711
16_co_MIS_CUDA_E_Topo_push_NonDeterm_IntType_Persist_CudaAtomic_Thread.cu,0.003214
16_co_MIS_CUDA_E_Topo_push_NonDeterm_IntType_Persist_Atomic_Thread.cu,1.840716
16_co_MIS_CUDA_V_Data_Push_NonDeterm_IntType_Persist_CudaAtomic_Thread.cu,0.340462
16_co_MIS_CUDA_V_Data_Push_NonDeterm_IntType_NonPersist_Atomic_Warp.cu,18.763974
16_co_MIS_CUDA_V_Data_Push_Determ_IntType_Persist_CudaAtomic_Warp.cu,0.125745
16_co_MIS_CUDA_V_Data_Push_NonDeterm_IntType_Persist_Atomic_Block.cu,3.389823
16_co_MIS_CUDA_V_Data_Push_NonDeterm_IntType_NonPersist_Atomic_Thread.cu,30.521980
16_co_MIS_CUDA_V_Data_Push_Determ_IntType_NonPersist_CudaAtomic_Block.cu,0.122566
16_co_MIS_CUDA_V_Data_Push_Determ_IntType_NonPersist_CudaAtomic_Warp.cu,0.126405
16_co_MIS_CUDA_V_Data_Push_NonDeterm_IntType_Persist_CudaAtomic_Block.cu,0.113221
16_co_MIS_CUDA_V_Data_Push_Determ_IntType_Persist_CudaAtomic_Block.cu,0.117205
16_co_MIS_CUDA_V_Data_Push_Determ_IntType_NonPersist_CudaAtomic_Thread.cu,0.312781
16_co_MIS_CUDA_V_Data_Push_Determ_IntType_NonPersist_Atomic_Warp.cu,17.374050
16_co_MIS_CUDA_V_Data_Push_Determ_IntType_NonPersist_Atomic_Thread.cu,25.220395
16_co_MIS_CUDA_V_Data_Push_NonDeterm_IntType_Persist_CudaAtomic_Warp.cu,0.132838
16_co_MIS_CUDA_V_Data_Push_Determ_IntType_Persist_Atomic_Block.cu,2.715904
16_co_MIS_CUDA_V_Data_Push_NonDeterm_IntType_NonPersist_CudaAtomic_Thread.cu,0.319553
16_co_MIS_CUDA_V_Data_Push_NonDeterm_IntType_NonPersist_CudaAtomic_Block.cu,0.102181
16_co_MIS_CUDA_V_Data_Push_NonDeterm_IntType_NonPersist_Atomic_Block.cu,2.906440
16_co_MIS_CUDA_V_Data_Push_Determ_IntType_NonPersist_Atomic_Block.cu,2.644532
16_co_MIS_CUDA_V_Data_Push_NonDeterm_IntType_NonPersist_CudaAtomic_Warp.cu,0.110223
16_co_MIS_CUDA_V_Data_Push_Determ_IntType_Persist_Atomic_Warp.cu,14.603189
16_co_MIS_CUDA_V_Data_Push_Determ_IntType_Persist_CudaAtomic_Thread.cu,0.330932
16_co_MIS_CUDA_V_Data_Push_NonDeterm_IntType_Persist_Atomic_Thread.cu,21.967909
16_co_MIS_CUDA_V_Data_Push_Determ_IntType_Persist_Atomic_Thread.cu,18.423842
16_co_MIS_CUDA_V_Data_Push_NonDeterm_IntType_Persist_Atomic_Warp.cu,20.941935
16_co_MIS_CUDA_V_Data_Pull_NonDeterm_IntType_NonPersist_CudaAtomic_Warp.cu,0.006677
16_co_MIS_CUDA_V_Data_Pull_NonDeterm_IntType_NonPersist_Atomic_Warp.cu,0.699570
16_co_MIS_CUDA_V_Data_Pull_Determ_IntType_NonPersist_Atomic_Warp.cu,0.636459
16_co_MIS_CUDA_V_Data_Pull_NonDeterm_IntType_Persist_CudaAtomic_Warp.cu,0.007235
16_co_MIS_CUDA_V_Data_Pull_NonDeterm_IntType_NonPersist_Atomic_Block.cu,0.176546
16_co_MIS_CUDA_V_Data_Pull_Determ_IntType_Persist_Atomic_Thread.cu,0.293427
16_co_MIS_CUDA_V_Data_Pull_NonDeterm_IntType_Persist_CudaAtomic_Thread.cu,0.022760
16_co_MIS_CUDA_V_Data_Pull_NonDeterm_IntType_Persist_Atomic_Block.cu,0.183447
16_co_MIS_CUDA_V_Data_Pull_Determ_IntType_NonPersist_CudaAtomic_Warp.cu,0.006365
16_co_MIS_CUDA_V_Data_Pull_Determ_IntType_NonPersist_CudaAtomic_Block.cu,0.005896
16_co_MIS_CUDA_V_Data_Pull_Determ_IntType_NonPersist_Atomic_Thread.cu,0.300871
16_co_MIS_CUDA_V_Data_Pull_NonDeterm_IntType_Persist_Atomic_Thread.cu,0.331321
16_co_MIS_CUDA_V_Data_Pull_Determ_IntType_Persist_CudaAtomic_Block.cu,0.005724
16_co_MIS_CUDA_V_Data_Pull_Determ_IntType_Persist_CudaAtomic_Warp.cu,0.006350
16_co_MIS_CUDA_V_Data_Pull_NonDeterm_IntType_NonPersist_CudaAtomic_Block.cu,0.006221
16_co_MIS_CUDA_V_Data_Pull_NonDeterm_IntType_NonPersist_Atomic_Thread.cu,0.340174
16_co_MIS_CUDA_V_Data_Pull_NonDeterm_IntType_NonPersist_CudaAtomic_Thread.cu,0.022666
16_co_MIS_CUDA_V_Data_Pull_NonDeterm_IntType_Persist_CudaAtomic_Block.cu,0.007193
16_co_MIS_CUDA_V_Data_Pull_NonDeterm_IntType_Persist_Atomic_Warp.cu,0.706688
16_co_MIS_CUDA_V_Data_Pull_Determ_IntType_NonPersist_Atomic_Block.cu,0.165883
16_co_MIS_CUDA_V_Data_Pull_Determ_IntType_Persist_Atomic_Block.cu,0.149971
16_co_MIS_CUDA_V_Data_Pull_Determ_IntType_Persist_Atomic_Warp.cu,0.626314
16_co_MIS_CUDA_V_Data_Pull_Determ_IntType_Persist_CudaAtomic_Thread.cu,0.021764
16_co_MIS_CUDA_V_Data_Pull_Determ_IntType_NonPersist_CudaAtomic_Thread.cu,0.021765
16_co_MIS_CUDA_V_Topo_Push_NonDeterm_IntType_NonPersist_Atomic_Thread.cu,28.847169
16_co_MIS_CUDA_V_Topo_Push_NonDeterm_IntType_NonPersist_Atomic_Block.cu,2.330795
16_co_MIS_CUDA_V_Topo_Push_Determ_IntType_Persist_CudaAtomic_Warp.cu,0.075034
16_co_MIS_CUDA_V_Topo_Push_NonDeterm_IntType_NonPersist_CudaAtomic_Warp.cu,0.073762
16_co_MIS_CUDA_V_Topo_Push_Determ_IntType_NonPersist_Atomic_Thread.cu,25.774690
16_co_MIS_CUDA_V_Topo_Push_NonDeterm_IntType_NonPersist_CudaAtomic_Thread.cu,0.289873
16_co_MIS_CUDA_V_Topo_Push_Determ_IntType_NonPersist_Atomic_Block.cu,2.177806
16_co_MIS_CUDA_V_Topo_Push_NonDeterm_IntType_NonPersist_Atomic_Warp.cu,17.989061
16_co_MIS_CUDA_V_Topo_Push_Determ_IntType_NonPersist_CudaAtomic_Warp.cu,0.075319
16_co_MIS_CUDA_V_Topo_Push_Determ_IntType_Persist_Atomic_Block.cu,2.058843
16_co_MIS_CUDA_V_Topo_Push_Determ_IntType_NonPersist_CudaAtomic_Thread.cu,0.281536
16_co_MIS_CUDA_V_Topo_Push_NonDeterm_IntType_Persist_Atomic_Block.cu,2.508553
16_co_MIS_CUDA_V_Topo_Push_Determ_IntType_Persist_Atomic_Warp.cu,12.032935
16_co_MIS_CUDA_V_Topo_Push_Determ_IntType_Persist_CudaAtomic_Block.cu,0.069647
16_co_MIS_CUDA_V_Topo_Push_Determ_IntType_NonPersist_CudaAtomic_Block.cu,0.071329
16_co_MIS_CUDA_V_Topo_Push_NonDeterm_IntType_Persist_Atomic_Thread.cu,23.134642
16_co_MIS_CUDA_V_Topo_Push_Determ_IntType_Persist_CudaAtomic_Thread.cu,0.291835
16_co_MIS_CUDA_V_Topo_Push_Determ_IntType_NonPersist_Atomic_Warp.cu,15.337756
16_co_MIS_CUDA_V_Topo_Push_Determ_IntType_Persist_Atomic_Thread.cu,20.060170
16_co_MIS_CUDA_V_Topo_Push_NonDeterm_IntType_Persist_Atomic_Warp.cu,16.437444
16_co_MIS_CUDA_V_Topo_Push_NonDeterm_IntType_NonPersist_CudaAtomic_Block.cu,0.072644
16_co_MIS_CUDA_V_Topo_Push_NonDeterm_IntType_Persist_CudaAtomic_Block.cu,0.079317
16_co_MIS_CUDA_V_Topo_Push_NonDeterm_IntType_Persist_CudaAtomic_Thread.cu,0.305073
16_co_MIS_CUDA_V_Topo_Push_NonDeterm_IntType_Persist_CudaAtomic_Warp.cu,0.077122
16_co_MIS_CUDA_V_Topo_Pull_Determ_IntType_Persist_CudaAtomic_Warp.cu,0.002243
16_co_MIS_CUDA_V_Topo_Pull_NonDeterm_IntType_Persist_Atomic_Warp.cu,0.466380
16_co_MIS_CUDA_V_Topo_Pull_NonDeterm_IntType_Persist_CudaAtomic_Thread.cu,0.010960
16_co_MIS_CUDA_V_Topo_Pull_Determ_IntType_NonPersist_Atomic_Block.cu,0.069462
16_co_MIS_CUDA_V_Topo_Pull_NonDeterm_IntType_Persist_CudaAtomic_Warp.cu,0.002457
16_co_MIS_CUDA_V_Topo_Pull_Determ_IntType_NonPersist_CudaAtomic_Warp.cu,0.002252
16_co_MIS_CUDA_V_Topo_Pull_NonDeterm_IntType_Persist_Atomic_Thread.cu,0.692830
16_co_MIS_CUDA_V_Topo_Pull_NonDeterm_IntType_NonPersist_Atomic_Warp.cu,0.568002
16_co_MIS_CUDA_V_Topo_Pull_NonDeterm_IntType_Persist_CudaAtomic_Block.cu,0.002566
16_co_MIS_CUDA_V_Topo_Pull_Determ_IntType_Persist_Atomic_Thread.cu,0.623445
16_co_MIS_CUDA_V_Topo_Pull_Determ_IntType_NonPersist_CudaAtomic_Thread.cu,0.011011
16_co_MIS_CUDA_V_Topo_Pull_Determ_IntType_Persist_Atomic_Warp.cu,0.416932
16_co_MIS_CUDA_V_Topo_Pull_NonDeterm_IntType_NonPersist_Atomic_Thread.cu,0.924628
16_co_MIS_CUDA_V_Topo_Pull_Determ_IntType_NonPersist_Atomic_Warp.cu,0.525941
16_co_MIS_CUDA_V_Topo_Pull_NonDeterm_IntType_NonPersist_Atomic_Block.cu,0.072586
16_co_MIS_CUDA_V_Topo_Pull_NonDeterm_IntType_NonPersist_CudaAtomic_Block.cu,0.002206
16_co_MIS_CUDA_V_Topo_Pull_NonDeterm_IntType_Persist_Atomic_Block.cu,0.080787
16_co_MIS_CUDA_V_Topo_Pull_Determ_IntType_Persist_Atomic_Block.cu,0.066043
16_co_MIS_CUDA_V_Topo_Pull_Determ_IntType_Persist_CudaAtomic_Thread.cu,0.010581
16_co_MIS_CUDA_V_Topo_Pull_NonDeterm_IntType_NonPersist_CudaAtomic_Warp.cu,0.002367
16_co_MIS_CUDA_V_Topo_Pull_NonDeterm_IntType_NonPersist_CudaAtomic_Thread.cu,0.011306
16_co_MIS_CUDA_V_Topo_Pull_Determ_IntType_NonPersist_Atomic_Thread.cu,0.831623
16_co_MIS_CUDA_V_Topo_Pull_Determ_IntType_NonPersist_CudaAtomic_Block.cu,0.002140
16_co_MIS_CUDA_V_Topo_Pull_Determ_IntType_Persist_CudaAtomic_Block.cu,0.002088
16_soc_MIS_CUDA_E_Data_push_NonDeterm_IntType_Persist_Atomic_Thread.cu,1.170080
16_soc_MIS_CUDA_E_Data_push_Determ_IntType_NonPersist_Atomic_Thread.cu,1.447970
16_soc_MIS_CUDA_E_Data_push_NonDeterm_IntType_NonPersist_Atomic_Thread.cu,1.756450
16_soc_MIS_CUDA_E_Data_push_NonDeterm_IntType_Persist_CudaAtomic_Thread.cu,0.059293
16_soc_MIS_CUDA_E_Data_push_Determ_IntType_Persist_CudaAtomic_Thread.cu,0.051537
16_soc_MIS_CUDA_E_Data_push_Determ_IntType_NonPersist_CudaAtomic_Thread.cu,0.051604
16_soc_MIS_CUDA_E_Data_push_NonDeterm_IntType_NonPersist_CudaAtomic_Thread.cu,0.056894
16_soc_MIS_CUDA_E_Data_push_Determ_IntType_Persist_Atomic_Thread.cu,0.942593
16_soc_MIS_CUDA_E_Topo_push_NonDeterm_IntType_NonPersist_Atomic_Thread.cu,0.454096
16_soc_MIS_CUDA_E_Topo_push_Determ_IntType_Persist_CudaAtomic_Thread.cu,0.002449
16_soc_MIS_CUDA_E_Topo_push_Determ_IntType_NonPersist_Atomic_Thread.cu,0.408878
16_soc_MIS_CUDA_E_Topo_push_NonDeterm_IntType_NonPersist_CudaAtomic_Thread.cu,0.002690
16_soc_MIS_CUDA_E_Topo_push_Determ_IntType_Persist_Atomic_Thread.cu,0.272042
16_soc_MIS_CUDA_E_Topo_push_Determ_IntType_NonPersist_CudaAtomic_Thread.cu,0.002449
16_soc_MIS_CUDA_E_Topo_push_NonDeterm_IntType_Persist_CudaAtomic_Thread.cu,0.002704
16_soc_MIS_CUDA_E_Topo_push_NonDeterm_IntType_Persist_Atomic_Thread.cu,0.308551
16_soc_MIS_CUDA_V_Data_Push_NonDeterm_IntType_Persist_CudaAtomic_Thread.cu,0.121390
16_soc_MIS_CUDA_V_Data_Push_NonDeterm_IntType_NonPersist_Atomic_Warp.cu,8.297267
16_soc_MIS_CUDA_V_Data_Push_Determ_IntType_Persist_CudaAtomic_Warp.cu,0.043189
16_soc_MIS_CUDA_V_Data_Push_NonDeterm_IntType_Persist_Atomic_Block.cu,1.313931
16_soc_MIS_CUDA_V_Data_Push_NonDeterm_IntType_NonPersist_Atomic_Thread.cu,12.406264
16_soc_MIS_CUDA_V_Data_Push_Determ_IntType_NonPersist_CudaAtomic_Block.cu,0.043030
16_soc_MIS_CUDA_V_Data_Push_Determ_IntType_NonPersist_CudaAtomic_Warp.cu,0.043245
16_soc_MIS_CUDA_V_Data_Push_NonDeterm_IntType_Persist_CudaAtomic_Block.cu,0.049705
16_soc_MIS_CUDA_V_Data_Push_Determ_IntType_Persist_CudaAtomic_Block.cu,0.041303
16_soc_MIS_CUDA_V_Data_Push_Determ_IntType_NonPersist_CudaAtomic_Thread.cu,0.105739
16_soc_MIS_CUDA_V_Data_Push_Determ_IntType_NonPersist_Atomic_Warp.cu,5.915819
16_soc_MIS_CUDA_V_Data_Push_Determ_IntType_NonPersist_Atomic_Thread.cu,9.751106
16_soc_MIS_CUDA_V_Data_Push_NonDeterm_IntType_Persist_CudaAtomic_Warp.cu,0.051680
16_soc_MIS_CUDA_V_Data_Push_Determ_IntType_Persist_Atomic_Block.cu,0.863867
16_soc_MIS_CUDA_V_Data_Push_NonDeterm_IntType_NonPersist_CudaAtomic_Thread.cu,0.110174
16_soc_MIS_CUDA_V_Data_Push_NonDeterm_IntType_NonPersist_CudaAtomic_Block.cu,0.049958
16_soc_MIS_CUDA_V_Data_Push_NonDeterm_IntType_NonPersist_Atomic_Block.cu,1.275695
16_soc_MIS_CUDA_V_Data_Push_Determ_IntType_NonPersist_Atomic_Block.cu,0.924564
16_soc_MIS_CUDA_V_Data_Push_NonDeterm_IntType_NonPersist_CudaAtomic_Warp.cu,0.049709
16_soc_MIS_CUDA_V_Data_Push_Determ_IntType_Persist_Atomic_Warp.cu,4.320770
16_soc_MIS_CUDA_V_Data_Push_Determ_IntType_Persist_CudaAtomic_Thread.cu,0.118587
16_soc_MIS_CUDA_V_Data_Push_NonDeterm_IntType_Persist_Atomic_Thread.cu,3.906042
16_soc_MIS_CUDA_V_Data_Push_Determ_IntType_Persist_Atomic_Thread.cu,3.444218
16_soc_MIS_CUDA_V_Data_Push_NonDeterm_IntType_Persist_Atomic_Warp.cu,6.933296
16_soc_MIS_CUDA_V_Data_Pull_NonDeterm_IntType_NonPersist_CudaAtomic_Warp.cu,0.007656
16_soc_MIS_CUDA_V_Data_Pull_NonDeterm_IntType_NonPersist_Atomic_Warp.cu,0.729302
16_soc_MIS_CUDA_V_Data_Pull_Determ_IntType_NonPersist_Atomic_Warp.cu,0.617920
16_soc_MIS_CUDA_V_Data_Pull_NonDeterm_IntType_Persist_CudaAtomic_Warp.cu,0.007701
16_soc_MIS_CUDA_V_Data_Pull_NonDeterm_IntType_NonPersist_Atomic_Block.cu,0.163866
16_soc_MIS_CUDA_V_Data_Pull_Determ_IntType_Persist_Atomic_Thread.cu,0.172408
16_soc_MIS_CUDA_V_Data_Pull_NonDeterm_IntType_Persist_CudaAtomic_Thread.cu,0.029281
16_soc_MIS_CUDA_V_Data_Pull_NonDeterm_IntType_Persist_Atomic_Block.cu,0.154045
16_soc_MIS_CUDA_V_Data_Pull_Determ_IntType_NonPersist_CudaAtomic_Warp.cu,0.007212
16_soc_MIS_CUDA_V_Data_Pull_Determ_IntType_NonPersist_CudaAtomic_Block.cu,0.006985
16_soc_MIS_CUDA_V_Data_Pull_Determ_IntType_NonPersist_Atomic_Thread.cu,0.189013
16_soc_MIS_CUDA_V_Data_Pull_NonDeterm_IntType_Persist_Atomic_Thread.cu,0.189109
16_soc_MIS_CUDA_V_Data_Pull_Determ_IntType_Persist_CudaAtomic_Block.cu,0.006836
16_soc_MIS_CUDA_V_Data_Pull_Determ_IntType_Persist_CudaAtomic_Warp.cu,0.007205
16_soc_MIS_CUDA_V_Data_Pull_NonDeterm_IntType_NonPersist_CudaAtomic_Block.cu,0.007476
16_soc_MIS_CUDA_V_Data_Pull_NonDeterm_IntType_NonPersist_Atomic_Thread.cu,0.210629
16_soc_MIS_CUDA_V_Data_Pull_NonDeterm_IntType_NonPersist_CudaAtomic_Thread.cu,0.028121
16_soc_MIS_CUDA_V_Data_Pull_NonDeterm_IntType_Persist_CudaAtomic_Block.cu,0.007472
16_soc_MIS_CUDA_V_Data_Pull_NonDeterm_IntType_Persist_Atomic_Warp.cu,0.652499
16_soc_MIS_CUDA_V_Data_Pull_Determ_IntType_NonPersist_Atomic_Block.cu,0.148972
16_soc_MIS_CUDA_V_Data_Pull_Determ_IntType_Persist_Atomic_Block.cu,0.139374
16_soc_MIS_CUDA_V_Data_Pull_Determ_IntType_Persist_Atomic_Warp.cu,0.561648
16_soc_MIS_CUDA_V_Data_Pull_Determ_IntType_Persist_CudaAtomic_Thread.cu,0.027780
16_soc_MIS_CUDA_V_Data_Pull_Determ_IntType_NonPersist_CudaAtomic_Thread.cu,0.026876
16_soc_MIS_CUDA_V_Topo_Push_NonDeterm_IntType_NonPersist_Atomic_Thread.cu,13.252277
16_soc_MIS_CUDA_V_Topo_Push_NonDeterm_IntType_NonPersist_Atomic_Block.cu,0.799822
16_soc_MIS_CUDA_V_Topo_Push_Determ_IntType_Persist_CudaAtomic_Warp.cu,0.023178
16_soc_MIS_CUDA_V_Topo_Push_NonDeterm_IntType_NonPersist_CudaAtomic_Warp.cu,0.029148
16_soc_MIS_CUDA_V_Topo_Push_Determ_IntType_NonPersist_Atomic_Thread.cu,11.079829
16_soc_MIS_CUDA_V_Topo_Push_NonDeterm_IntType_NonPersist_CudaAtomic_Thread.cu,0.092130
16_soc_MIS_CUDA_V_Topo_Push_Determ_IntType_NonPersist_Atomic_Block.cu,0.593516
16_soc_MIS_CUDA_V_Topo_Push_NonDeterm_IntType_NonPersist_Atomic_Warp.cu,7.051960
16_soc_MIS_CUDA_V_Topo_Push_Determ_IntType_NonPersist_CudaAtomic_Warp.cu,0.023203
16_soc_MIS_CUDA_V_Topo_Push_Determ_IntType_Persist_Atomic_Block.cu,0.584429
16_soc_MIS_CUDA_V_Topo_Push_Determ_IntType_NonPersist_CudaAtomic_Thread.cu,0.084738
16_soc_MIS_CUDA_V_Topo_Push_NonDeterm_IntType_Persist_Atomic_Block.cu,0.917841
16_soc_MIS_CUDA_V_Topo_Push_Determ_IntType_Persist_Atomic_Warp.cu,4.028697
16_soc_MIS_CUDA_V_Topo_Push_Determ_IntType_Persist_CudaAtomic_Block.cu,0.021791
16_soc_MIS_CUDA_V_Topo_Push_Determ_IntType_NonPersist_CudaAtomic_Block.cu,0.022482
16_soc_MIS_CUDA_V_Topo_Push_NonDeterm_IntType_Persist_Atomic_Thread.cu,4.110036
16_soc_MIS_CUDA_V_Topo_Push_Determ_IntType_Persist_CudaAtomic_Thread.cu,0.096116
16_soc_MIS_CUDA_V_Topo_Push_Determ_IntType_NonPersist_Atomic_Warp.cu,4.838394
16_soc_MIS_CUDA_V_Topo_Push_Determ_IntType_Persist_Atomic_Thread.cu,3.772116
16_soc_MIS_CUDA_V_Topo_Push_NonDeterm_IntType_Persist_Atomic_Warp.cu,6.277190
16_soc_MIS_CUDA_V_Topo_Push_NonDeterm_IntType_NonPersist_CudaAtomic_Block.cu,0.028321
16_soc_MIS_CUDA_V_Topo_Push_NonDeterm_IntType_Persist_CudaAtomic_Block.cu,0.027994
16_soc_MIS_CUDA_V_Topo_Push_NonDeterm_IntType_Persist_CudaAtomic_Thread.cu,0.101070
16_soc_MIS_CUDA_V_Topo_Push_NonDeterm_IntType_Persist_CudaAtomic_Warp.cu,0.029795
16_soc_MIS_CUDA_V_Topo_Pull_Determ_IntType_Persist_CudaAtomic_Warp.cu,0.001071
16_soc_MIS_CUDA_V_Topo_Pull_NonDeterm_IntType_Persist_Atomic_Warp.cu,0.296199
16_soc_MIS_CUDA_V_Topo_Pull_NonDeterm_IntType_Persist_CudaAtomic_Thread.cu,0.008486
16_soc_MIS_CUDA_V_Topo_Pull_Determ_IntType_NonPersist_Atomic_Block.cu,0.028128
16_soc_MIS_CUDA_V_Topo_Pull_NonDeterm_IntType_Persist_CudaAtomic_Warp.cu,0.001337
16_soc_MIS_CUDA_V_Topo_Pull_Determ_IntType_NonPersist_CudaAtomic_Warp.cu,0.001072
16_soc_MIS_CUDA_V_Topo_Pull_NonDeterm_IntType_Persist_Atomic_Thread.cu,0.284920
16_soc_MIS_CUDA_V_Topo_Pull_NonDeterm_IntType_NonPersist_Atomic_Warp.cu,0.314761
16_soc_MIS_CUDA_V_Topo_Pull_NonDeterm_IntType_Persist_CudaAtomic_Block.cu,0.001425
16_soc_MIS_CUDA_V_Topo_Pull_Determ_IntType_Persist_Atomic_Thread.cu,0.219873
16_soc_MIS_CUDA_V_Topo_Pull_Determ_IntType_NonPersist_CudaAtomic_Thread.cu,0.006073
16_soc_MIS_CUDA_V_Topo_Pull_Determ_IntType_Persist_Atomic_Warp.cu,0.224474
16_soc_MIS_CUDA_V_Topo_Pull_NonDeterm_IntType_NonPersist_Atomic_Thread.cu,0.850898
16_soc_MIS_CUDA_V_Topo_Pull_Determ_IntType_NonPersist_Atomic_Warp.cu,0.243388
16_soc_MIS_CUDA_V_Topo_Pull_NonDeterm_IntType_NonPersist_Atomic_Block.cu,0.037307
16_soc_MIS_CUDA_V_Topo_Pull_NonDeterm_IntType_NonPersist_CudaAtomic_Block.cu,0.001378
16_soc_MIS_CUDA_V_Topo_Pull_NonDeterm_IntType_Persist_Atomic_Block.cu,0.039709
16_soc_MIS_CUDA_V_Topo_Pull_Determ_IntType_Persist_Atomic_Block.cu,0.028057
16_soc_MIS_CUDA_V_Topo_Pull_Determ_IntType_Persist_CudaAtomic_Thread.cu,0.007032
16_soc_MIS_CUDA_V_Topo_Pull_NonDeterm_IntType_NonPersist_CudaAtomic_Warp.cu,0.001302
16_soc_MIS_CUDA_V_Topo_Pull_NonDeterm_IntType_NonPersist_CudaAtomic_Thread.cu,0.007334
16_soc_MIS_CUDA_V_Topo_Pull_Determ_IntType_NonPersist_Atomic_Thread.cu,0.643953
16_soc_MIS_CUDA_V_Topo_Pull_Determ_IntType_NonPersist_CudaAtomic_Block.cu,0.001048
16_soc_MIS_CUDA_V_Topo_Pull_Determ_IntType_Persist_CudaAtomic_Block.cu,0.001011
16_ny_MIS_CUDA_E_Data_push_NonDeterm_IntType_Persist_Atomic_Thread.cu,1.553404
16_ny_MIS_CUDA_E_Data_push_Determ_IntType_NonPersist_Atomic_Thread.cu,1.179483
16_ny_MIS_CUDA_E_Data_push_NonDeterm_IntType_NonPersist_Atomic_Thread.cu,1.527406
16_ny_MIS_CUDA_E_Data_push_NonDeterm_IntType_Persist_CudaAtomic_Thread.cu,0.046101
16_ny_MIS_CUDA_E_Data_push_Determ_IntType_Persist_CudaAtomic_Thread.cu,0.045901
16_ny_MIS_CUDA_E_Data_push_Determ_IntType_NonPersist_CudaAtomic_Thread.cu,0.045927
16_ny_MIS_CUDA_E_Data_push_NonDeterm_IntType_NonPersist_CudaAtomic_Thread.cu,0.046226
16_ny_MIS_CUDA_E_Data_push_Determ_IntType_Persist_Atomic_Thread.cu,1.194926
16_ny_MIS_CUDA_E_Topo_push_NonDeterm_IntType_NonPersist_Atomic_Thread.cu,1.081630
16_ny_MIS_CUDA_E_Topo_push_Determ_IntType_Persist_CudaAtomic_Thread.cu,0.002905
16_ny_MIS_CUDA_E_Topo_push_Determ_IntType_NonPersist_Atomic_Thread.cu,0.864024
16_ny_MIS_CUDA_E_Topo_push_NonDeterm_IntType_NonPersist_CudaAtomic_Thread.cu,0.002919
16_ny_MIS_CUDA_E_Topo_push_Determ_IntType_Persist_Atomic_Thread.cu,0.878580
16_ny_MIS_CUDA_E_Topo_push_Determ_IntType_NonPersist_CudaAtomic_Thread.cu,0.002920
16_ny_MIS_CUDA_E_Topo_push_NonDeterm_IntType_Persist_CudaAtomic_Thread.cu,0.002921
16_ny_MIS_CUDA_E_Topo_push_NonDeterm_IntType_Persist_Atomic_Thread.cu,1.088077
16_ny_MIS_CUDA_V_Data_Push_NonDeterm_IntType_Persist_CudaAtomic_Thread.cu,0.060399
16_ny_MIS_CUDA_V_Data_Push_NonDeterm_IntType_NonPersist_Atomic_Warp.cu,1.713850
16_ny_MIS_CUDA_V_Data_Push_Determ_IntType_Persist_CudaAtomic_Warp.cu,0.011429
16_ny_MIS_CUDA_V_Data_Push_NonDeterm_IntType_Persist_Atomic_Block.cu,0.305226
16_ny_MIS_CUDA_V_Data_Push_NonDeterm_IntType_NonPersist_Atomic_Thread.cu,4.771895
16_ny_MIS_CUDA_V_Data_Push_Determ_IntType_NonPersist_CudaAtomic_Block.cu,0.011412
16_ny_MIS_CUDA_V_Data_Push_Determ_IntType_NonPersist_CudaAtomic_Warp.cu,0.011445
16_ny_MIS_CUDA_V_Data_Push_NonDeterm_IntType_Persist_CudaAtomic_Block.cu,0.012805
16_ny_MIS_CUDA_V_Data_Push_Determ_IntType_Persist_CudaAtomic_Block.cu,0.010709
16_ny_MIS_CUDA_V_Data_Push_Determ_IntType_NonPersist_CudaAtomic_Thread.cu,0.064588
16_ny_MIS_CUDA_V_Data_Push_Determ_IntType_NonPersist_Atomic_Warp.cu,1.563383
16_ny_MIS_CUDA_V_Data_Push_Determ_IntType_NonPersist_Atomic_Thread.cu,3.650500
16_ny_MIS_CUDA_V_Data_Push_NonDeterm_IntType_Persist_CudaAtomic_Warp.cu,0.013015
16_ny_MIS_CUDA_V_Data_Push_Determ_IntType_Persist_Atomic_Block.cu,0.266460
16_ny_MIS_CUDA_V_Data_Push_NonDeterm_IntType_NonPersist_CudaAtomic_Thread.cu,0.059581
16_ny_MIS_CUDA_V_Data_Push_NonDeterm_IntType_NonPersist_CudaAtomic_Block.cu,0.011653
16_ny_MIS_CUDA_V_Data_Push_NonDeterm_IntType_NonPersist_Atomic_Block.cu,0.228585
16_ny_MIS_CUDA_V_Data_Push_Determ_IntType_NonPersist_Atomic_Block.cu,0.217356
16_ny_MIS_CUDA_V_Data_Push_NonDeterm_IntType_NonPersist_CudaAtomic_Warp.cu,0.011573
16_ny_MIS_CUDA_V_Data_Push_Determ_IntType_Persist_Atomic_Warp.cu,1.734204
16_ny_MIS_CUDA_V_Data_Push_Determ_IntType_Persist_CudaAtomic_Thread.cu,0.065810
16_ny_MIS_CUDA_V_Data_Push_NonDeterm_IntType_Persist_Atomic_Thread.cu,4.563125
16_ny_MIS_CUDA_V_Data_Push_Determ_IntType_Persist_Atomic_Thread.cu,3.668844
16_ny_MIS_CUDA_V_Data_Push_NonDeterm_IntType_Persist_Atomic_Warp.cu,2.062429
16_ny_MIS_CUDA_V_Data_Pull_NonDeterm_IntType_NonPersist_CudaAtomic_Warp.cu,0.006403
16_ny_MIS_CUDA_V_Data_Pull_NonDeterm_IntType_NonPersist_Atomic_Warp.cu,0.855920
16_ny_MIS_CUDA_V_Data_Pull_Determ_IntType_NonPersist_Atomic_Warp.cu,0.775877
16_ny_MIS_CUDA_V_Data_Pull_NonDeterm_IntType_Persist_CudaAtomic_Warp.cu,0.006754
16_ny_MIS_CUDA_V_Data_Pull_NonDeterm_IntType_NonPersist_Atomic_Block.cu,0.124082
16_ny_MIS_CUDA_V_Data_Pull_Determ_IntType_Persist_Atomic_Thread.cu,0.860967
16_ny_MIS_CUDA_V_Data_Pull_NonDeterm_IntType_Persist_CudaAtomic_Thread.cu,0.051131
16_ny_MIS_CUDA_V_Data_Pull_NonDeterm_IntType_Persist_Atomic_Block.cu,0.147674
16_ny_MIS_CUDA_V_Data_Pull_Determ_IntType_NonPersist_CudaAtomic_Warp.cu,0.006232
16_ny_MIS_CUDA_V_Data_Pull_Determ_IntType_NonPersist_CudaAtomic_Block.cu,0.006215
16_ny_MIS_CUDA_V_Data_Pull_Determ_IntType_NonPersist_Atomic_Thread.cu,0.878580
16_ny_MIS_CUDA_V_Data_Pull_NonDeterm_IntType_Persist_Atomic_Thread.cu,0.987957
16_ny_MIS_CUDA_V_Data_Pull_Determ_IntType_Persist_CudaAtomic_Block.cu,0.005902
16_ny_MIS_CUDA_V_Data_Pull_Determ_IntType_Persist_CudaAtomic_Warp.cu,0.006222
16_ny_MIS_CUDA_V_Data_Pull_NonDeterm_IntType_NonPersist_CudaAtomic_Block.cu,0.006373
16_ny_MIS_CUDA_V_Data_Pull_NonDeterm_IntType_NonPersist_Atomic_Thread.cu,1.011219
16_ny_MIS_CUDA_V_Data_Pull_NonDeterm_IntType_NonPersist_CudaAtomic_Thread.cu,0.057466
16_ny_MIS_CUDA_V_Data_Pull_NonDeterm_IntType_Persist_CudaAtomic_Block.cu,0.006530
16_ny_MIS_CUDA_V_Data_Pull_NonDeterm_IntType_Persist_Atomic_Warp.cu,0.955628
16_ny_MIS_CUDA_V_Data_Pull_Determ_IntType_NonPersist_Atomic_Block.cu,0.119122
16_ny_MIS_CUDA_V_Data_Pull_Determ_IntType_Persist_Atomic_Block.cu,0.135054
16_ny_MIS_CUDA_V_Data_Pull_Determ_IntType_Persist_Atomic_Warp.cu,0.829659
16_ny_MIS_CUDA_V_Data_Pull_Determ_IntType_Persist_CudaAtomic_Thread.cu,0.054730
16_ny_MIS_CUDA_V_Data_Pull_Determ_IntType_NonPersist_CudaAtomic_Thread.cu,0.059898
16_ny_MIS_CUDA_V_Topo_Push_NonDeterm_IntType_NonPersist_Atomic_Thread.cu,4.195977
16_ny_MIS_CUDA_V_Topo_Push_NonDeterm_IntType_NonPersist_Atomic_Block.cu,0.170107
16_ny_MIS_CUDA_V_Topo_Push_Determ_IntType_Persist_CudaAtomic_Warp.cu,0.006201
16_ny_MIS_CUDA_V_Topo_Push_NonDeterm_IntType_NonPersist_CudaAtomic_Warp.cu,0.006271
16_ny_MIS_CUDA_V_Topo_Push_Determ_IntType_NonPersist_Atomic_Thread.cu,3.460190
16_ny_MIS_CUDA_V_Topo_Push_NonDeterm_IntType_NonPersist_CudaAtomic_Thread.cu,0.044432
16_ny_MIS_CUDA_V_Topo_Push_Determ_IntType_NonPersist_Atomic_Block.cu,0.168848
16_ny_MIS_CUDA_V_Topo_Push_NonDeterm_IntType_NonPersist_Atomic_Warp.cu,1.171910
16_ny_MIS_CUDA_V_Topo_Push_Determ_IntType_NonPersist_CudaAtomic_Warp.cu,0.006210
16_ny_MIS_CUDA_V_Topo_Push_Determ_IntType_Persist_Atomic_Block.cu,0.171104
16_ny_MIS_CUDA_V_Topo_Push_Determ_IntType_NonPersist_CudaAtomic_Thread.cu,0.045529
16_ny_MIS_CUDA_V_Topo_Push_NonDeterm_IntType_Persist_Atomic_Block.cu,0.182708
16_ny_MIS_CUDA_V_Topo_Push_Determ_IntType_Persist_Atomic_Warp.cu,1.083234
16_ny_MIS_CUDA_V_Topo_Push_Determ_IntType_Persist_CudaAtomic_Block.cu,0.005773
16_ny_MIS_CUDA_V_Topo_Push_Determ_IntType_NonPersist_CudaAtomic_Block.cu,0.005942
16_ny_MIS_CUDA_V_Topo_Push_NonDeterm_IntType_Persist_Atomic_Thread.cu,3.946486
16_ny_MIS_CUDA_V_Topo_Push_Determ_IntType_Persist_CudaAtomic_Thread.cu,0.045674
16_ny_MIS_CUDA_V_Topo_Push_Determ_IntType_NonPersist_Atomic_Warp.cu,1.102870
16_ny_MIS_CUDA_V_Topo_Push_Determ_IntType_Persist_Atomic_Thread.cu,3.427700
16_ny_MIS_CUDA_V_Topo_Push_NonDeterm_IntType_Persist_Atomic_Warp.cu,1.267535
16_ny_MIS_CUDA_V_Topo_Push_NonDeterm_IntType_NonPersist_CudaAtomic_Block.cu,0.006030
16_ny_MIS_CUDA_V_Topo_Push_NonDeterm_IntType_Persist_CudaAtomic_Block.cu,0.006208
16_ny_MIS_CUDA_V_Topo_Push_NonDeterm_IntType_Persist_CudaAtomic_Thread.cu,0.044497
16_ny_MIS_CUDA_V_Topo_Push_NonDeterm_IntType_Persist_CudaAtomic_Warp.cu,0.006623
16_ny_MIS_CUDA_V_Topo_Pull_Determ_IntType_Persist_CudaAtomic_Warp.cu,0.003073
16_ny_MIS_CUDA_V_Topo_Pull_NonDeterm_IntType_Persist_Atomic_Warp.cu,0.824041
16_ny_MIS_CUDA_V_Topo_Pull_NonDeterm_IntType_Persist_CudaAtomic_Thread.cu,0.033793
16_ny_MIS_CUDA_V_Topo_Pull_Determ_IntType_NonPersist_Atomic_Block.cu,0.082909
16_ny_MIS_CUDA_V_Topo_Pull_NonDeterm_IntType_Persist_CudaAtomic_Warp.cu,0.003586
16_ny_MIS_CUDA_V_Topo_Pull_Determ_IntType_NonPersist_CudaAtomic_Warp.cu,0.003076
16_ny_MIS_CUDA_V_Topo_Pull_NonDeterm_IntType_Persist_Atomic_Thread.cu,2.561754
16_ny_MIS_CUDA_V_Topo_Pull_NonDeterm_IntType_NonPersist_Atomic_Warp.cu,0.740467
16_ny_MIS_CUDA_V_Topo_Pull_NonDeterm_IntType_Persist_CudaAtomic_Block.cu,0.003593
16_ny_MIS_CUDA_V_Topo_Pull_Determ_IntType_Persist_Atomic_Thread.cu,1.891451
16_ny_MIS_CUDA_V_Topo_Pull_Determ_IntType_NonPersist_CudaAtomic_Thread.cu,0.031694
16_ny_MIS_CUDA_V_Topo_Pull_Determ_IntType_Persist_Atomic_Warp.cu,0.621362
16_ny_MIS_CUDA_V_Topo_Pull_NonDeterm_IntType_NonPersist_Atomic_Thread.cu,2.626259
16_ny_MIS_CUDA_V_Topo_Pull_Determ_IntType_NonPersist_Atomic_Warp.cu,0.628313
16_ny_MIS_CUDA_V_Topo_Pull_NonDeterm_IntType_NonPersist_Atomic_Block.cu,0.089715
16_ny_MIS_CUDA_V_Topo_Pull_NonDeterm_IntType_NonPersist_CudaAtomic_Block.cu,0.002983
16_ny_MIS_CUDA_V_Topo_Pull_NonDeterm_IntType_Persist_Atomic_Block.cu,0.103049
16_ny_MIS_CUDA_V_Topo_Pull_Determ_IntType_Persist_Atomic_Block.cu,0.084084
16_ny_MIS_CUDA_V_Topo_Pull_Determ_IntType_Persist_CudaAtomic_Thread.cu,0.031226
16_ny_MIS_CUDA_V_Topo_Pull_NonDeterm_IntType_NonPersist_CudaAtomic_Warp.cu,0.003191
16_ny_MIS_CUDA_V_Topo_Pull_NonDeterm_IntType_NonPersist_CudaAtomic_Thread.cu,0.034052
16_ny_MIS_CUDA_V_Topo_Pull_Determ_IntType_NonPersist_Atomic_Thread.cu,1.946933
16_ny_MIS_CUDA_V_Topo_Pull_Determ_IntType_NonPersist_CudaAtomic_Block.cu,0.002872
16_ny_MIS_CUDA_V_Topo_Pull_Determ_IntType_Persist_CudaAtomic_Block.cu,0.002867