"filename","sssp"
"__32_2d_SSSP_CPP_E_Data_IntType_NonDeterm_NoFieldBug_Block_Atomic_NoRangeBug_ReadWrite.cpp
","0.000605"
"__32_2d_SSSP_CPP_E_Data_IntType_NonDeterm_NoFieldBug_Cyclic_Atomic_NoRangeBug_ReadModifyWrite.cpp
","0.000194"
"__32_2d_SSSP_CPP_E_Data_IntType_Determ_NoFieldBug_Cyclic_Atomic_NoRangeBug_ReadModifyWrite.cpp
","0.000196"
"__32_2d_SSSP_CPP_E_Data_IntType_NonDeterm_NoFieldBug_Block_Atomic_NoRangeBug_ReadModifyWrite.cpp
","0.000196"
"__32_2d_SSSP_CPP_E_Data_IntType_Determ_NoFieldBug_Block_Atomic_NoRangeBug_ReadModifyWrite.cpp
","0.000189"
"__32_2d_SSSP_CPP_E_Data_IntType_NonDeterm_NoFieldBug_Cyclic_Atomic_NoRangeBug_ReadWrite.cpp
","0.000529"
"__32_2d_SSSP_CPP_E_Topo_IntType_ReadWrite_Block_NonDeterm_NoBoundsBug_Atomic_NoRangeBug.cpp
","0.000309"
"__32_2d_SSSP_CPP_E_Topo_IntType_ReadModifyWrite_Block_Determ_NoBoundsBug_Atomic_NoRangeBug.cpp
","0.000492"
"__32_2d_SSSP_CPP_E_Topo_IntType_ReadWrite_Cyclic_NonDeterm_NoBoundsBug_Atomic_NoRangeBug.cpp
","0.000258"
"__32_2d_SSSP_CPP_E_Topo_IntType_ReadModifyWrite_Cyclic_Determ_NoBoundsBug_Atomic_NoRangeBug.cpp
","0.000293"
"__32_2d_SSSP_CPP_E_Topo_IntType_ReadModifyWrite_Block_NonDeterm_NoBoundsBug_Atomic_NoRangeBug.cpp
","0.000316"
"__32_2d_SSSP_CPP_E_Topo_IntType_ReadModifyWrite_Cyclic_NonDeterm_NoBoundsBug_Atomic_NoRangeBug.cpp
","0.000259"
"__32_2d_SSSP_CPP_V_Data_Push_IntType_ReadWrite_NonDeterm_NoFieldBug_Cyclic_Atomic_NoRangeBug_NoBoundsBug_NonDup.cpp
","0.001074"
"__32_2d_SSSP_CPP_V_Data_Push_IntType_ReadModifyWrite_Determ_NoFieldBug_Block_Atomic_NoRangeBug_NoBoundsBug_Dup.cpp
","0.000485"
"__32_2d_SSSP_CPP_V_Data_Push_IntType_ReadModifyWrite_Determ_NoFieldBug_Block_Atomic_NoRangeBug_NoBoundsBug_NonDup.cpp
","0.000527"
"__32_2d_SSSP_CPP_V_Data_Push_IntType_ReadModifyWrite_NonDeterm_NoFieldBug_Block_Atomic_NoRangeBug_NoBoundsBug_NonDup.cpp
","0.000541"
"__32_2d_SSSP_CPP_V_Data_Push_IntType_ReadWrite_NonDeterm_NoFieldBug_Block_Atomic_NoRangeBug_NoBoundsBug_NonDup.cpp
","0.000947"
"__32_2d_SSSP_CPP_V_Data_Push_IntType_ReadModifyWrite_NonDeterm_NoFieldBug_Block_Atomic_NoRangeBug_NoBoundsBug_Dup.cpp
","0.000486"
"__32_2d_SSSP_CPP_V_Data_Push_IntType_ReadModifyWrite_NonDeterm_NoFieldBug_Cyclic_Atomic_NoRangeBug_NoBoundsBug_NonDup.cpp
","0.000576"
"__32_2d_SSSP_CPP_V_Data_Push_IntType_ReadModifyWrite_Determ_NoFieldBug_Cyclic_Atomic_NoRangeBug_NoBoundsBug_Dup.cpp
","0.000497"
"__32_2d_SSSP_CPP_V_Data_Push_IntType_ReadModifyWrite_NonDeterm_NoFieldBug_Cyclic_Atomic_NoRangeBug_NoBoundsBug_Dup.cpp
","0.000514"
"__32_2d_SSSP_CPP_V_Data_Push_IntType_ReadModifyWrite_Determ_NoFieldBug_Cyclic_Atomic_NoRangeBug_NoBoundsBug_NonDup.cpp
","0.000519"
"__32_2d_SSSP_CPP_V_Data_Pull_IntType_Determ_NoFieldBug_Cyclic_Atomic_NoBoundsBug_NoRangeBug.cpp
","0.000577"
"__32_2d_SSSP_CPP_V_Data_Pull_IntType_NonDeterm_NoFieldBug_Block_Atomic_NoBoundsBug_NoRangeBug.cpp
","0.000568"
"__32_2d_SSSP_CPP_V_Data_Pull_IntType_NonDeterm_NoFieldBug_Cyclic_Atomic_NoBoundsBug_NoRangeBug.cpp
","0.000585"
"__32_2d_SSSP_CPP_V_Data_Pull_IntType_Determ_NoFieldBug_Block_Atomic_NoBoundsBug_NoRangeBug.cpp
","0.000590"
"__32_2d_SSSP_CPP_V_Topo_Push_IntType_ReadWrite_NonDeterm_NoBoundsBug_Block_Atomic_NoRangeBug.cpp
","0.000402"
"__32_2d_SSSP_CPP_V_Topo_Push_IntType_ReadModifyWrite_NonDeterm_NoBoundsBug_Block_Atomic_NoRangeBug.cpp
","0.000406"
"__32_2d_SSSP_CPP_V_Topo_Push_IntType_ReadModifyWrite_Determ_NoBoundsBug_Block_Atomic_NoRangeBug.cpp
","0.000516"
"__32_2d_SSSP_CPP_V_Topo_Push_IntType_ReadWrite_NonDeterm_NoBoundsBug_Cyclic_Atomic_NoRangeBug.cpp
","0.000367"
"__32_2d_SSSP_CPP_V_Topo_Push_IntType_ReadModifyWrite_NonDeterm_NoBoundsBug_Cyclic_Atomic_NoRangeBug.cpp
","0.000370"
"__32_2d_SSSP_CPP_V_Topo_Push_IntType_ReadModifyWrite_Determ_NoBoundsBug_Cyclic_Atomic_NoRangeBug.cpp
","0.000453"
"__32_2d_SSSP_CPP_V_Topo_Pull_IntType_Determ_NoBoundsBug_Cyclic_Atomic_NoRangeBug.cpp
","0.000527"
"__32_2d_SSSP_CPP_V_Topo_Pull_IntType_Determ_NoBoundsBug_Block_Atomic_NoRangeBug.cpp
","0.000804"
"__32_2d_SSSP_CPP_V_Topo_Pull_IntType_NonDeterm_NoBoundsBug_Cyclic_Atomic_NoRangeBug.cpp
","0.000206"
"__32_2d_SSSP_CPP_V_Topo_Pull_IntType_NonDeterm_NoBoundsBug_Block_Atomic_NoRangeBug.cpp
","0.000234"
"__32_rmat_SSSP_CPP_E_Data_IntType_NonDeterm_NoFieldBug_Block_Atomic_NoRangeBug_ReadWrite.cpp
","0.002416"
"__32_rmat_SSSP_CPP_E_Data_IntType_NonDeterm_NoFieldBug_Cyclic_Atomic_NoRangeBug_ReadModifyWrite.cpp
","0.002285"
"__32_rmat_SSSP_CPP_E_Data_IntType_Determ_NoFieldBug_Cyclic_Atomic_NoRangeBug_ReadModifyWrite.cpp
","0.001265"
"__32_rmat_SSSP_CPP_E_Data_IntType_NonDeterm_NoFieldBug_Block_Atomic_NoRangeBug_ReadModifyWrite.cpp
","0.002272"
"__32_rmat_SSSP_CPP_E_Data_IntType_Determ_NoFieldBug_Block_Atomic_NoRangeBug_ReadModifyWrite.cpp
","0.001221"
"__32_rmat_SSSP_CPP_E_Data_IntType_NonDeterm_NoFieldBug_Cyclic_Atomic_NoRangeBug_ReadWrite.cpp
","0.002154"
"__32_rmat_SSSP_CPP_E_Topo_IntType_ReadWrite_Block_NonDeterm_NoBoundsBug_Atomic_NoRangeBug.cpp
","0.027296"
"__32_rmat_SSSP_CPP_E_Topo_IntType_ReadModifyWrite_Block_Determ_NoBoundsBug_Atomic_NoRangeBug.cpp
","0.016723"
"__32_rmat_SSSP_CPP_E_Topo_IntType_ReadWrite_Cyclic_NonDeterm_NoBoundsBug_Atomic_NoRangeBug.cpp
","0.018253"
"__32_rmat_SSSP_CPP_E_Topo_IntType_ReadModifyWrite_Cyclic_Determ_NoBoundsBug_Atomic_NoRangeBug.cpp
","0.011682"
"__32_rmat_SSSP_CPP_E_Topo_IntType_ReadModifyWrite_Block_NonDeterm_NoBoundsBug_Atomic_NoRangeBug.cpp
","0.028498"
"__32_rmat_SSSP_CPP_E_Topo_IntType_ReadModifyWrite_Cyclic_NonDeterm_NoBoundsBug_Atomic_NoRangeBug.cpp
","0.018270"
"__32_rmat_SSSP_CPP_V_Data_Push_IntType_ReadWrite_NonDeterm_NoFieldBug_Cyclic_Atomic_NoRangeBug_NoBoundsBug_NonDup.cpp
","0.028847"
"__32_rmat_SSSP_CPP_V_Data_Push_IntType_ReadModifyWrite_Determ_NoFieldBug_Block_Atomic_NoRangeBug_NoBoundsBug_Dup.cpp
","0.012279"
"__32_rmat_SSSP_CPP_V_Data_Push_IntType_ReadModifyWrite_Determ_NoFieldBug_Block_Atomic_NoRangeBug_NoBoundsBug_NonDup.cpp
","0.015727"
"__32_rmat_SSSP_CPP_V_Data_Push_IntType_ReadModifyWrite_NonDeterm_NoFieldBug_Block_Atomic_NoRangeBug_NoBoundsBug_NonDup.cpp
","0.031173"
"__32_rmat_SSSP_CPP_V_Data_Push_IntType_ReadWrite_NonDeterm_NoFieldBug_Block_Atomic_NoRangeBug_NoBoundsBug_NonDup.cpp
","0.026606"
"__32_rmat_SSSP_CPP_V_Data_Push_IntType_ReadModifyWrite_NonDeterm_NoFieldBug_Block_Atomic_NoRangeBug_NoBoundsBug_Dup.cpp
","0.030918"
"__32_rmat_SSSP_CPP_V_Data_Push_IntType_ReadModifyWrite_NonDeterm_NoFieldBug_Cyclic_Atomic_NoRangeBug_NoBoundsBug_NonDup.cpp
","0.035450"
"__32_rmat_SSSP_CPP_V_Data_Push_IntType_ReadModifyWrite_Determ_NoFieldBug_Cyclic_Atomic_NoRangeBug_NoBoundsBug_Dup.cpp
","0.011472"
"__32_rmat_SSSP_CPP_V_Data_Push_IntType_ReadModifyWrite_NonDeterm_NoFieldBug_Cyclic_Atomic_NoRangeBug_NoBoundsBug_Dup.cpp
","0.031667"
"__32_rmat_SSSP_CPP_V_Data_Push_IntType_ReadModifyWrite_Determ_NoFieldBug_Cyclic_Atomic_NoRangeBug_NoBoundsBug_NonDup.cpp
","0.014502"
"__32_rmat_SSSP_CPP_V_Data_Pull_IntType_Determ_NoFieldBug_Cyclic_Atomic_NoBoundsBug_NoRangeBug.cpp
","0.010548"
"__32_rmat_SSSP_CPP_V_Data_Pull_IntType_NonDeterm_NoFieldBug_Block_Atomic_NoBoundsBug_NoRangeBug.cpp
","0.015889"
"__32_rmat_SSSP_CPP_V_Data_Pull_IntType_NonDeterm_NoFieldBug_Cyclic_Atomic_NoBoundsBug_NoRangeBug.cpp
","0.022319"
"__32_rmat_SSSP_CPP_V_Data_Pull_IntType_Determ_NoFieldBug_Block_Atomic_NoBoundsBug_NoRangeBug.cpp
","0.008738"
"__32_rmat_SSSP_CPP_V_Topo_Push_IntType_ReadWrite_NonDeterm_NoBoundsBug_Block_Atomic_NoRangeBug.cpp
","0.051054"
"__32_rmat_SSSP_CPP_V_Topo_Push_IntType_ReadModifyWrite_NonDeterm_NoBoundsBug_Block_Atomic_NoRangeBug.cpp
","0.051090"
"__32_rmat_SSSP_CPP_V_Topo_Push_IntType_ReadModifyWrite_Determ_NoBoundsBug_Block_Atomic_NoRangeBug.cpp
","0.030288"
"__32_rmat_SSSP_CPP_V_Topo_Push_IntType_ReadWrite_NonDeterm_NoBoundsBug_Cyclic_Atomic_NoRangeBug.cpp
","0.044639"
"__32_rmat_SSSP_CPP_V_Topo_Push_IntType_ReadModifyWrite_NonDeterm_NoBoundsBug_Cyclic_Atomic_NoRangeBug.cpp
","0.044615"
"__32_rmat_SSSP_CPP_V_Topo_Push_IntType_ReadModifyWrite_Determ_NoBoundsBug_Cyclic_Atomic_NoRangeBug.cpp
","0.024919"
"__32_rmat_SSSP_CPP_V_Topo_Pull_IntType_Determ_NoBoundsBug_Cyclic_Atomic_NoRangeBug.cpp
","0.022220"
"__32_rmat_SSSP_CPP_V_Topo_Pull_IntType_Determ_NoBoundsBug_Block_Atomic_NoRangeBug.cpp
","0.028947"
"__32_rmat_SSSP_CPP_V_Topo_Pull_IntType_NonDeterm_NoBoundsBug_Cyclic_Atomic_NoRangeBug.cpp
","0.019993"
"__32_rmat_SSSP_CPP_V_Topo_Pull_IntType_NonDeterm_NoBoundsBug_Block_Atomic_NoRangeBug.cpp
","0.021553"
"__32_soc_SSSP_CPP_E_Data_IntType_NonDeterm_NoFieldBug_Block_Atomic_NoRangeBug_ReadWrite.cpp
","0.002860"
"__32_soc_SSSP_CPP_E_Data_IntType_NonDeterm_NoFieldBug_Cyclic_Atomic_NoRangeBug_ReadModifyWrite.cpp
","0.002866"
"__32_soc_SSSP_CPP_E_Data_IntType_Determ_NoFieldBug_Cyclic_Atomic_NoRangeBug_ReadModifyWrite.cpp
","0.001666"
"__32_soc_SSSP_CPP_E_Data_IntType_NonDeterm_NoFieldBug_Block_Atomic_NoRangeBug_ReadModifyWrite.cpp
","0.002846"
"__32_soc_SSSP_CPP_E_Data_IntType_Determ_NoFieldBug_Block_Atomic_NoRangeBug_ReadModifyWrite.cpp
","0.001691"
"__32_soc_SSSP_CPP_E_Data_IntType_NonDeterm_NoFieldBug_Cyclic_Atomic_NoRangeBug_ReadWrite.cpp
","0.002896"
"__32_soc_SSSP_CPP_E_Topo_IntType_ReadWrite_Block_NonDeterm_NoBoundsBug_Atomic_NoRangeBug.cpp
","0.046690"
"__32_soc_SSSP_CPP_E_Topo_IntType_ReadModifyWrite_Block_Determ_NoBoundsBug_Atomic_NoRangeBug.cpp
","0.025762"
"__32_soc_SSSP_CPP_E_Topo_IntType_ReadWrite_Cyclic_NonDeterm_NoBoundsBug_Atomic_NoRangeBug.cpp
","0.022158"
"__32_soc_SSSP_CPP_E_Topo_IntType_ReadModifyWrite_Cyclic_Determ_NoBoundsBug_Atomic_NoRangeBug.cpp
","0.012296"
"__32_soc_SSSP_CPP_E_Topo_IntType_ReadModifyWrite_Block_NonDeterm_NoBoundsBug_Atomic_NoRangeBug.cpp
","0.046317"
"__32_soc_SSSP_CPP_E_Topo_IntType_ReadModifyWrite_Cyclic_NonDeterm_NoBoundsBug_Atomic_NoRangeBug.cpp
","0.022315"
"__32_soc_SSSP_CPP_V_Data_Push_IntType_ReadWrite_NonDeterm_NoFieldBug_Cyclic_Atomic_NoRangeBug_NoBoundsBug_NonDup.cpp
","0.044228"
"__32_soc_SSSP_CPP_V_Data_Push_IntType_ReadModifyWrite_Determ_NoFieldBug_Block_Atomic_NoRangeBug_NoBoundsBug_Dup.cpp
","0.017373"
"__32_soc_SSSP_CPP_V_Data_Push_IntType_ReadModifyWrite_Determ_NoFieldBug_Block_Atomic_NoRangeBug_NoBoundsBug_NonDup.cpp
","0.024151"
"__32_soc_SSSP_CPP_V_Data_Push_IntType_ReadModifyWrite_NonDeterm_NoFieldBug_Block_Atomic_NoRangeBug_NoBoundsBug_NonDup.cpp
","0.041318"
"__32_soc_SSSP_CPP_V_Data_Push_IntType_ReadWrite_NonDeterm_NoFieldBug_Block_Atomic_NoRangeBug_NoBoundsBug_NonDup.cpp
","0.036661"
"__32_soc_SSSP_CPP_V_Data_Push_IntType_ReadModifyWrite_NonDeterm_NoFieldBug_Block_Atomic_NoRangeBug_NoBoundsBug_Dup.cpp
","0.036806"
"__32_soc_SSSP_CPP_V_Data_Push_IntType_ReadModifyWrite_NonDeterm_NoFieldBug_Cyclic_Atomic_NoRangeBug_NoBoundsBug_NonDup.cpp
","0.045050"
"__32_soc_SSSP_CPP_V_Data_Push_IntType_ReadModifyWrite_Determ_NoFieldBug_Cyclic_Atomic_NoRangeBug_NoBoundsBug_Dup.cpp
","0.017194"
"__32_soc_SSSP_CPP_V_Data_Push_IntType_ReadModifyWrite_NonDeterm_NoFieldBug_Cyclic_Atomic_NoRangeBug_NoBoundsBug_Dup.cpp
","0.039377"
"__32_soc_SSSP_CPP_V_Data_Push_IntType_ReadModifyWrite_Determ_NoFieldBug_Cyclic_Atomic_NoRangeBug_NoBoundsBug_NonDup.cpp
","0.021973"
"__32_soc_SSSP_CPP_V_Data_Pull_IntType_Determ_NoFieldBug_Cyclic_Atomic_NoBoundsBug_NoRangeBug.cpp
","0.015524"
"__32_soc_SSSP_CPP_V_Data_Pull_IntType_NonDeterm_NoFieldBug_Block_Atomic_NoBoundsBug_NoRangeBug.cpp
","0.021608"
"__32_soc_SSSP_CPP_V_Data_Pull_IntType_NonDeterm_NoFieldBug_Cyclic_Atomic_NoBoundsBug_NoRangeBug.cpp
","0.027731"
"__32_soc_SSSP_CPP_V_Data_Pull_IntType_Determ_NoFieldBug_Block_Atomic_NoBoundsBug_NoRangeBug.cpp
","0.013346"
"__32_soc_SSSP_CPP_V_Topo_Push_IntType_ReadWrite_NonDeterm_NoBoundsBug_Block_Atomic_NoRangeBug.cpp
","0.059321"
"__32_soc_SSSP_CPP_V_Topo_Push_IntType_ReadModifyWrite_NonDeterm_NoBoundsBug_Block_Atomic_NoRangeBug.cpp
","0.059116"
"__32_soc_SSSP_CPP_V_Topo_Push_IntType_ReadModifyWrite_Determ_NoBoundsBug_Block_Atomic_NoRangeBug.cpp
","0.031874"
"__32_soc_SSSP_CPP_V_Topo_Push_IntType_ReadWrite_NonDeterm_NoBoundsBug_Cyclic_Atomic_NoRangeBug.cpp
","0.067757"
"__32_soc_SSSP_CPP_V_Topo_Push_IntType_ReadModifyWrite_NonDeterm_NoBoundsBug_Cyclic_Atomic_NoRangeBug.cpp
","0.068924"
"__32_soc_SSSP_CPP_V_Topo_Push_IntType_ReadModifyWrite_Determ_NoBoundsBug_Cyclic_Atomic_NoRangeBug.cpp
","0.036943"
"__32_soc_SSSP_CPP_V_Topo_Pull_IntType_Determ_NoBoundsBug_Cyclic_Atomic_NoRangeBug.cpp
","0.031830"
"__32_soc_SSSP_CPP_V_Topo_Pull_IntType_Determ_NoBoundsBug_Block_Atomic_NoRangeBug.cpp
","0.031355"
"__32_soc_SSSP_CPP_V_Topo_Pull_IntType_NonDeterm_NoBoundsBug_Cyclic_Atomic_NoRangeBug.cpp
","0.031397"
"__32_soc_SSSP_CPP_V_Topo_Pull_IntType_NonDeterm_NoBoundsBug_Block_Atomic_NoRangeBug.cpp
","0.023636"
"__32_co_SSSP_CPP_E_Data_IntType_NonDeterm_NoFieldBug_Block_Atomic_NoRangeBug_ReadWrite.cpp
","0.002370"
"__32_co_SSSP_CPP_E_Data_IntType_NonDeterm_NoFieldBug_Cyclic_Atomic_NoRangeBug_ReadModifyWrite.cpp
","0.002006"
"__32_co_SSSP_CPP_E_Data_IntType_Determ_NoFieldBug_Cyclic_Atomic_NoRangeBug_ReadModifyWrite.cpp
","0.001127"
"__32_co_SSSP_CPP_E_Data_IntType_NonDeterm_NoFieldBug_Block_Atomic_NoRangeBug_ReadModifyWrite.cpp
","0.002090"
"__32_co_SSSP_CPP_E_Data_IntType_Determ_NoFieldBug_Block_Atomic_NoRangeBug_ReadModifyWrite.cpp
","0.001129"
"__32_co_SSSP_CPP_E_Data_IntType_NonDeterm_NoFieldBug_Cyclic_Atomic_NoRangeBug_ReadWrite.cpp
","0.002150"
"__32_co_SSSP_CPP_E_Topo_IntType_ReadWrite_Block_NonDeterm_NoBoundsBug_Atomic_NoRangeBug.cpp
","0.063028"
"__32_co_SSSP_CPP_E_Topo_IntType_ReadModifyWrite_Block_Determ_NoBoundsBug_Atomic_NoRangeBug.cpp
","0.035324"
"__32_co_SSSP_CPP_E_Topo_IntType_ReadWrite_Cyclic_NonDeterm_NoBoundsBug_Atomic_NoRangeBug.cpp
","0.022907"
"__32_co_SSSP_CPP_E_Topo_IntType_ReadModifyWrite_Cyclic_Determ_NoBoundsBug_Atomic_NoRangeBug.cpp
","0.012534"
"__32_co_SSSP_CPP_E_Topo_IntType_ReadModifyWrite_Block_NonDeterm_NoBoundsBug_Atomic_NoRangeBug.cpp
","0.063951"
"__32_co_SSSP_CPP_E_Topo_IntType_ReadModifyWrite_Cyclic_NonDeterm_NoBoundsBug_Atomic_NoRangeBug.cpp
","0.022828"
"__32_co_SSSP_CPP_V_Data_Push_IntType_ReadWrite_NonDeterm_NoFieldBug_Cyclic_Atomic_NoRangeBug_NoBoundsBug_NonDup.cpp
","0.080055"
"__32_co_SSSP_CPP_V_Data_Push_IntType_ReadModifyWrite_Determ_NoFieldBug_Block_Atomic_NoRangeBug_NoBoundsBug_Dup.cpp
","0.025239"
"__32_co_SSSP_CPP_V_Data_Push_IntType_ReadModifyWrite_Determ_NoFieldBug_Block_Atomic_NoRangeBug_NoBoundsBug_NonDup.cpp
","0.041365"
"__32_co_SSSP_CPP_V_Data_Push_IntType_ReadModifyWrite_NonDeterm_NoFieldBug_Block_Atomic_NoRangeBug_NoBoundsBug_NonDup.cpp
","0.074135"
"__32_co_SSSP_CPP_V_Data_Push_IntType_ReadWrite_NonDeterm_NoFieldBug_Block_Atomic_NoRangeBug_NoBoundsBug_NonDup.cpp
","0.068700"
"__32_co_SSSP_CPP_V_Data_Push_IntType_ReadModifyWrite_NonDeterm_NoFieldBug_Block_Atomic_NoRangeBug_NoBoundsBug_Dup.cpp
","0.059329"
"__32_co_SSSP_CPP_V_Data_Push_IntType_ReadModifyWrite_NonDeterm_NoFieldBug_Cyclic_Atomic_NoRangeBug_NoBoundsBug_NonDup.cpp
","0.090255"
"__32_co_SSSP_CPP_V_Data_Push_IntType_ReadModifyWrite_Determ_NoFieldBug_Cyclic_Atomic_NoRangeBug_NoBoundsBug_Dup.cpp
","0.026443"
"__32_co_SSSP_CPP_V_Data_Push_IntType_ReadModifyWrite_NonDeterm_NoFieldBug_Cyclic_Atomic_NoRangeBug_NoBoundsBug_Dup.cpp
","0.071551"
"__32_co_SSSP_CPP_V_Data_Push_IntType_ReadModifyWrite_Determ_NoFieldBug_Cyclic_Atomic_NoRangeBug_NoBoundsBug_NonDup.cpp
","0.039235"
"__32_co_SSSP_CPP_V_Data_Pull_IntType_Determ_NoFieldBug_Cyclic_Atomic_NoBoundsBug_NoRangeBug.cpp
","0.026778"
"__32_co_SSSP_CPP_V_Data_Pull_IntType_NonDeterm_NoFieldBug_Block_Atomic_NoBoundsBug_NoRangeBug.cpp
","0.042569"
"__32_co_SSSP_CPP_V_Data_Pull_IntType_NonDeterm_NoFieldBug_Cyclic_Atomic_NoBoundsBug_NoRangeBug.cpp
","0.051454"
"__32_co_SSSP_CPP_V_Data_Pull_IntType_Determ_NoFieldBug_Block_Atomic_NoBoundsBug_NoRangeBug.cpp
","0.023561"
"__32_co_SSSP_CPP_V_Topo_Push_IntType_ReadWrite_NonDeterm_NoBoundsBug_Block_Atomic_NoRangeBug.cpp
","0.125451"
"__32_co_SSSP_CPP_V_Topo_Push_IntType_ReadModifyWrite_NonDeterm_NoBoundsBug_Block_Atomic_NoRangeBug.cpp
","0.113261"
"__32_co_SSSP_CPP_V_Topo_Push_IntType_ReadModifyWrite_Determ_NoBoundsBug_Block_Atomic_NoRangeBug.cpp
","0.066484"
"__32_co_SSSP_CPP_V_Topo_Push_IntType_ReadWrite_NonDeterm_NoBoundsBug_Cyclic_Atomic_NoRangeBug.cpp
","0.088470"
"__32_co_SSSP_CPP_V_Topo_Push_IntType_ReadModifyWrite_NonDeterm_NoBoundsBug_Cyclic_Atomic_NoRangeBug.cpp
","0.088580"
"__32_co_SSSP_CPP_V_Topo_Push_IntType_ReadModifyWrite_Determ_NoBoundsBug_Cyclic_Atomic_NoRangeBug.cpp
","0.056134"
"__32_co_SSSP_CPP_V_Topo_Pull_IntType_Determ_NoBoundsBug_Cyclic_Atomic_NoRangeBug.cpp
","0.043971"
"__32_co_SSSP_CPP_V_Topo_Pull_IntType_Determ_NoBoundsBug_Block_Atomic_NoRangeBug.cpp
","0.055064"
"__32_co_SSSP_CPP_V_Topo_Pull_IntType_NonDeterm_NoBoundsBug_Cyclic_Atomic_NoRangeBug.cpp
","0.036342"
"__32_co_SSSP_CPP_V_Topo_Pull_IntType_NonDeterm_NoBoundsBug_Block_Atomic_NoRangeBug.cpp
","0.029145"
"__32_ny_SSSP_CPP_E_Data_IntType_NonDeterm_NoFieldBug_Block_Atomic_NoRangeBug_ReadWrite.cpp
","0.000156"
"__32_ny_SSSP_CPP_E_Data_IntType_NonDeterm_NoFieldBug_Cyclic_Atomic_NoRangeBug_ReadModifyWrite.cpp
","0.000126"
"__32_ny_SSSP_CPP_E_Data_IntType_Determ_NoFieldBug_Cyclic_Atomic_NoRangeBug_ReadModifyWrite.cpp
","0.000055"
"__32_ny_SSSP_CPP_E_Data_IntType_NonDeterm_NoFieldBug_Block_Atomic_NoRangeBug_ReadModifyWrite.cpp
","0.000127"
"__32_ny_SSSP_CPP_E_Data_IntType_Determ_NoFieldBug_Block_Atomic_NoRangeBug_ReadModifyWrite.cpp
","0.000054"
"__32_ny_SSSP_CPP_E_Data_IntType_NonDeterm_NoFieldBug_Cyclic_Atomic_NoRangeBug_ReadWrite.cpp
","0.000158"
"__32_ny_SSSP_CPP_E_Topo_IntType_ReadWrite_Block_NonDeterm_NoBoundsBug_Atomic_NoRangeBug.cpp
","0.000243"
"__32_ny_SSSP_CPP_E_Topo_IntType_ReadModifyWrite_Block_Determ_NoBoundsBug_Atomic_NoRangeBug.cpp
","0.000172"
"__32_ny_SSSP_CPP_E_Topo_IntType_ReadWrite_Cyclic_NonDeterm_NoBoundsBug_Atomic_NoRangeBug.cpp
","0.000519"
"__32_ny_SSSP_CPP_E_Topo_IntType_ReadModifyWrite_Cyclic_Determ_NoBoundsBug_Atomic_NoRangeBug.cpp
","0.000229"
"__32_ny_SSSP_CPP_E_Topo_IntType_ReadModifyWrite_Block_NonDeterm_NoBoundsBug_Atomic_NoRangeBug.cpp
","0.000236"
"__32_ny_SSSP_CPP_E_Topo_IntType_ReadModifyWrite_Cyclic_NonDeterm_NoBoundsBug_Atomic_NoRangeBug.cpp
","0.000501"
"__32_ny_SSSP_CPP_V_Data_Push_IntType_ReadWrite_NonDeterm_NoFieldBug_Cyclic_Atomic_NoRangeBug_NoBoundsBug_NonDup.cpp
","0.000271"
"__32_ny_SSSP_CPP_V_Data_Push_IntType_ReadModifyWrite_Determ_NoFieldBug_Block_Atomic_NoRangeBug_NoBoundsBug_Dup.cpp
","0.000120"
"__32_ny_SSSP_CPP_V_Data_Push_IntType_ReadModifyWrite_Determ_NoFieldBug_Block_Atomic_NoRangeBug_NoBoundsBug_NonDup.cpp
","0.000118"
"__32_ny_SSSP_CPP_V_Data_Push_IntType_ReadModifyWrite_NonDeterm_NoFieldBug_Block_Atomic_NoRangeBug_NoBoundsBug_NonDup.cpp
","0.000242"
"__32_ny_SSSP_CPP_V_Data_Push_IntType_ReadWrite_NonDeterm_NoFieldBug_Block_Atomic_NoRangeBug_NoBoundsBug_NonDup.cpp
","0.000238"
"__32_ny_SSSP_CPP_V_Data_Push_IntType_ReadModifyWrite_NonDeterm_NoFieldBug_Block_Atomic_NoRangeBug_NoBoundsBug_Dup.cpp
","0.000247"
"__32_ny_SSSP_CPP_V_Data_Push_IntType_ReadModifyWrite_NonDeterm_NoFieldBug_Cyclic_Atomic_NoRangeBug_NoBoundsBug_NonDup.cpp
","0.000254"
"__32_ny_SSSP_CPP_V_Data_Push_IntType_ReadModifyWrite_Determ_NoFieldBug_Cyclic_Atomic_NoRangeBug_NoBoundsBug_Dup.cpp
","0.000115"
"__32_ny_SSSP_CPP_V_Data_Push_IntType_ReadModifyWrite_NonDeterm_NoFieldBug_Cyclic_Atomic_NoRangeBug_NoBoundsBug_Dup.cpp
","0.000248"
"__32_ny_SSSP_CPP_V_Data_Push_IntType_ReadModifyWrite_Determ_NoFieldBug_Cyclic_Atomic_NoRangeBug_NoBoundsBug_NonDup.cpp
","0.000117"
"__32_ny_SSSP_CPP_V_Data_Pull_IntType_Determ_NoFieldBug_Cyclic_Atomic_NoBoundsBug_NoRangeBug.cpp
","0.000122"
"__32_ny_SSSP_CPP_V_Data_Pull_IntType_NonDeterm_NoFieldBug_Block_Atomic_NoBoundsBug_NoRangeBug.cpp
","0.000283"
"__32_ny_SSSP_CPP_V_Data_Pull_IntType_NonDeterm_NoFieldBug_Cyclic_Atomic_NoBoundsBug_NoRangeBug.cpp
","0.000309"
"__32_ny_SSSP_CPP_V_Data_Pull_IntType_Determ_NoFieldBug_Block_Atomic_NoBoundsBug_NoRangeBug.cpp
","0.000116"
"__32_ny_SSSP_CPP_V_Topo_Push_IntType_ReadWrite_NonDeterm_NoBoundsBug_Block_Atomic_NoRangeBug.cpp
","0.000278"
"__32_ny_SSSP_CPP_V_Topo_Push_IntType_ReadModifyWrite_NonDeterm_NoBoundsBug_Block_Atomic_NoRangeBug.cpp
","0.000270"
"__32_ny_SSSP_CPP_V_Topo_Push_IntType_ReadModifyWrite_Determ_NoBoundsBug_Block_Atomic_NoRangeBug.cpp
","0.000193"
"__32_ny_SSSP_CPP_V_Topo_Push_IntType_ReadWrite_NonDeterm_NoBoundsBug_Cyclic_Atomic_NoRangeBug.cpp
","0.000448"
"__32_ny_SSSP_CPP_V_Topo_Push_IntType_ReadModifyWrite_NonDeterm_NoBoundsBug_Cyclic_Atomic_NoRangeBug.cpp
","0.000465"
"__32_ny_SSSP_CPP_V_Topo_Push_IntType_ReadModifyWrite_Determ_NoBoundsBug_Cyclic_Atomic_NoRangeBug.cpp
","0.000241"
"__32_ny_SSSP_CPP_V_Topo_Pull_IntType_Determ_NoBoundsBug_Cyclic_Atomic_NoRangeBug.cpp
","0.000280"
"__32_ny_SSSP_CPP_V_Topo_Pull_IntType_Determ_NoBoundsBug_Block_Atomic_NoRangeBug.cpp
","0.000213"
"__32_ny_SSSP_CPP_V_Topo_Pull_IntType_NonDeterm_NoBoundsBug_Cyclic_Atomic_NoRangeBug.cpp
","0.000236"
"__32_ny_SSSP_CPP_V_Topo_Pull_IntType_NonDeterm_NoBoundsBug_Block_Atomic_NoRangeBug.cpp
","0.000183"
"__16_rmat_SSSP_CPP_E_Data_IntType_NonDeterm_NoFieldBug_Block_Atomic_NoRangeBug_ReadModifyWrite.cpp
","0.002591"
"__16_rmat_SSSP_CPP_E_Data_IntType_Determ_NoFieldBug_Block_Atomic_NoRangeBug_ReadModifyWrite.cpp
","0.001426"
"__16_rmat_SSSP_CPP_E_Data_IntType_NonDeterm_NoFieldBug_Cyclic_Atomic_NoRangeBug_ReadWrite.cpp
","0.002797"
"__16_rmat_SSSP_CPP_E_Data_IntType_NonDeterm_NoFieldBug_Cyclic_Atomic_NoRangeBug_ReadModifyWrite.cpp
","0.002671"
"__16_rmat_SSSP_CPP_E_Data_IntType_NonDeterm_NoFieldBug_Block_Atomic_NoRangeBug_ReadWrite.cpp
","0.002691"
"__16_rmat_SSSP_CPP_E_Data_IntType_Determ_NoFieldBug_Cyclic_Atomic_NoRangeBug_ReadModifyWrite.cpp
","0.001373"
"__16_rmat_SSSP_CPP_E_Topo_IntType_ReadWrite_Block_NonDeterm_NoBoundsBug_Atomic_NoRangeBug.cpp
","0.020891"
"__16_rmat_SSSP_CPP_E_Topo_IntType_ReadModifyWrite_Cyclic_Determ_NoBoundsBug_Atomic_NoRangeBug.cpp
","0.005580"
"__16_rmat_SSSP_CPP_E_Topo_IntType_ReadModifyWrite_Block_NonDeterm_NoBoundsBug_Atomic_NoRangeBug.cpp
","0.020749"
"__16_rmat_SSSP_CPP_E_Topo_IntType_ReadModifyWrite_Block_Determ_NoBoundsBug_Atomic_NoRangeBug.cpp
","0.011802"
"__16_rmat_SSSP_CPP_E_Topo_IntType_ReadWrite_Cyclic_NonDeterm_NoBoundsBug_Atomic_NoRangeBug.cpp
","0.009417"
"__16_rmat_SSSP_CPP_E_Topo_IntType_ReadModifyWrite_Cyclic_NonDeterm_NoBoundsBug_Atomic_NoRangeBug.cpp
","0.008706"
"__16_rmat_SSSP_CPP_V_Data_Push_IntType_ReadModifyWrite_Determ_NoFieldBug_Block_Atomic_NoRangeBug_NoBoundsBug_Dup.cpp
","0.010274"
"__16_rmat_SSSP_CPP_V_Data_Push_IntType_ReadModifyWrite_Determ_NoFieldBug_Cyclic_Atomic_NoRangeBug_NoBoundsBug_Dup.cpp
","0.011264"
"__16_rmat_SSSP_CPP_V_Data_Push_IntType_ReadModifyWrite_NonDeterm_NoFieldBug_Cyclic_Atomic_NoRangeBug_NoBoundsBug_Dup.cpp
","0.028757"
"__16_rmat_SSSP_CPP_V_Data_Push_IntType_ReadModifyWrite_Determ_NoFieldBug_Block_Atomic_NoRangeBug_NoBoundsBug_NonDup.cpp
","0.016412"
"__16_rmat_SSSP_CPP_V_Data_Push_IntType_ReadWrite_NonDeterm_NoFieldBug_Cyclic_Atomic_NoRangeBug_NoBoundsBug_NonDup.cpp
","0.031189"
"__16_rmat_SSSP_CPP_V_Data_Push_IntType_ReadModifyWrite_NonDeterm_NoFieldBug_Block_Atomic_NoRangeBug_NoBoundsBug_NonDup.cpp
","0.032462"
"__16_rmat_SSSP_CPP_V_Data_Push_IntType_ReadModifyWrite_NonDeterm_NoFieldBug_Cyclic_Atomic_NoRangeBug_NoBoundsBug_NonDup.cpp
","0.035080"
"__16_rmat_SSSP_CPP_V_Data_Push_IntType_ReadModifyWrite_Determ_NoFieldBug_Cyclic_Atomic_NoRangeBug_NoBoundsBug_NonDup.cpp
","0.016787"
"__16_rmat_SSSP_CPP_V_Data_Push_IntType_ReadModifyWrite_NonDeterm_NoFieldBug_Block_Atomic_NoRangeBug_NoBoundsBug_Dup.cpp
","0.025452"
"__16_rmat_SSSP_CPP_V_Data_Push_IntType_ReadWrite_NonDeterm_NoFieldBug_Block_Atomic_NoRangeBug_NoBoundsBug_NonDup.cpp
","0.027133"
"__16_rmat_SSSP_CPP_V_Data_Pull_IntType_Determ_NoFieldBug_Cyclic_Atomic_NoBoundsBug_NoRangeBug.cpp
","0.007317"
"__16_rmat_SSSP_CPP_V_Data_Pull_IntType_NonDeterm_NoFieldBug_Block_Atomic_NoBoundsBug_NoRangeBug.cpp
","0.013716"
"__16_rmat_SSSP_CPP_V_Data_Pull_IntType_NonDeterm_NoFieldBug_Cyclic_Atomic_NoBoundsBug_NoRangeBug.cpp
","0.020070"
"__16_rmat_SSSP_CPP_V_Data_Pull_IntType_Determ_NoFieldBug_Block_Atomic_NoBoundsBug_NoRangeBug.cpp
","0.006358"
"__16_rmat_SSSP_CPP_V_Topo_Push_IntType_ReadWrite_NonDeterm_NoBoundsBug_Cyclic_Atomic_NoRangeBug.cpp
","0.020766"
"__16_rmat_SSSP_CPP_V_Topo_Push_IntType_ReadModifyWrite_NonDeterm_NoBoundsBug_Block_Atomic_NoRangeBug.cpp
","0.028390"
"__16_rmat_SSSP_CPP_V_Topo_Push_IntType_ReadWrite_NonDeterm_NoBoundsBug_Block_Atomic_NoRangeBug.cpp
","0.028294"
"__16_rmat_SSSP_CPP_V_Topo_Push_IntType_ReadModifyWrite_NonDeterm_NoBoundsBug_Cyclic_Atomic_NoRangeBug.cpp
","0.020797"
"__16_rmat_SSSP_CPP_V_Topo_Push_IntType_ReadModifyWrite_Determ_NoBoundsBug_Cyclic_Atomic_NoRangeBug.cpp
","0.010897"
"__16_rmat_SSSP_CPP_V_Topo_Push_IntType_ReadModifyWrite_Determ_NoBoundsBug_Block_Atomic_NoRangeBug.cpp
","0.014033"
"__16_rmat_SSSP_CPP_V_Topo_Pull_IntType_Determ_NoBoundsBug_Block_Atomic_NoRangeBug.cpp
","0.013217"
"__16_rmat_SSSP_CPP_V_Topo_Pull_IntType_Determ_NoBoundsBug_Cyclic_Atomic_NoRangeBug.cpp
","0.010051"
"__16_rmat_SSSP_CPP_V_Topo_Pull_IntType_NonDeterm_NoBoundsBug_Block_Atomic_NoRangeBug.cpp
","0.024935"
"__16_rmat_SSSP_CPP_V_Topo_Pull_IntType_NonDeterm_NoBoundsBug_Cyclic_Atomic_NoRangeBug.cpp
","0.019106"
"__16_2d_SSSP_CPP_E_Data_IntType_NonDeterm_NoFieldBug_Block_Atomic_NoRangeBug_ReadModifyWrite.cpp
","0.000190"
"__16_2d_SSSP_CPP_E_Data_IntType_Determ_NoFieldBug_Block_Atomic_NoRangeBug_ReadModifyWrite.cpp
","0.000187"
"__16_2d_SSSP_CPP_E_Data_IntType_NonDeterm_NoFieldBug_Cyclic_Atomic_NoRangeBug_ReadWrite.cpp
","0.000607"
"__16_2d_SSSP_CPP_E_Data_IntType_NonDeterm_NoFieldBug_Cyclic_Atomic_NoRangeBug_ReadModifyWrite.cpp
","0.000194"
"__16_2d_SSSP_CPP_E_Data_IntType_NonDeterm_NoFieldBug_Block_Atomic_NoRangeBug_ReadWrite.cpp
","0.000790"
"__16_2d_SSSP_CPP_E_Data_IntType_Determ_NoFieldBug_Cyclic_Atomic_NoRangeBug_ReadModifyWrite.cpp
","0.000184"
"__16_2d_SSSP_CPP_E_Topo_IntType_ReadWrite_Block_NonDeterm_NoBoundsBug_Atomic_NoRangeBug.cpp
","0.000331"
"__16_2d_SSSP_CPP_E_Topo_IntType_ReadModifyWrite_Cyclic_Determ_NoBoundsBug_Atomic_NoRangeBug.cpp
","0.000165"
"__16_2d_SSSP_CPP_E_Topo_IntType_ReadModifyWrite_Block_NonDeterm_NoBoundsBug_Atomic_NoRangeBug.cpp
","0.000330"
"__16_2d_SSSP_CPP_E_Topo_IntType_ReadModifyWrite_Block_Determ_NoBoundsBug_Atomic_NoRangeBug.cpp
","0.000413"
"__16_2d_SSSP_CPP_E_Topo_IntType_ReadWrite_Cyclic_NonDeterm_NoBoundsBug_Atomic_NoRangeBug.cpp
","0.000243"
"__16_2d_SSSP_CPP_E_Topo_IntType_ReadModifyWrite_Cyclic_NonDeterm_NoBoundsBug_Atomic_NoRangeBug.cpp
","0.000242"
"__16_2d_SSSP_CPP_V_Data_Push_IntType_ReadModifyWrite_Determ_NoFieldBug_Block_Atomic_NoRangeBug_NoBoundsBug_Dup.cpp
","0.000573"
"__16_2d_SSSP_CPP_V_Data_Push_IntType_ReadModifyWrite_Determ_NoFieldBug_Cyclic_Atomic_NoRangeBug_NoBoundsBug_Dup.cpp
","0.000557"
"__16_2d_SSSP_CPP_V_Data_Push_IntType_ReadModifyWrite_NonDeterm_NoFieldBug_Cyclic_Atomic_NoRangeBug_NoBoundsBug_Dup.cpp
","0.000586"
"__16_2d_SSSP_CPP_V_Data_Push_IntType_ReadModifyWrite_Determ_NoFieldBug_Block_Atomic_NoRangeBug_NoBoundsBug_NonDup.cpp
","0.000614"
"__16_2d_SSSP_CPP_V_Data_Push_IntType_ReadWrite_NonDeterm_NoFieldBug_Cyclic_Atomic_NoRangeBug_NoBoundsBug_NonDup.cpp
","0.001585"
"__16_2d_SSSP_CPP_V_Data_Push_IntType_ReadModifyWrite_NonDeterm_NoFieldBug_Block_Atomic_NoRangeBug_NoBoundsBug_NonDup.cpp
","0.000630"
"__16_2d_SSSP_CPP_V_Data_Push_IntType_ReadModifyWrite_NonDeterm_NoFieldBug_Cyclic_Atomic_NoRangeBug_NoBoundsBug_NonDup.cpp
","0.000645"
"__16_2d_SSSP_CPP_V_Data_Push_IntType_ReadModifyWrite_Determ_NoFieldBug_Cyclic_Atomic_NoRangeBug_NoBoundsBug_NonDup.cpp
","0.000665"
"__16_2d_SSSP_CPP_V_Data_Push_IntType_ReadModifyWrite_NonDeterm_NoFieldBug_Block_Atomic_NoRangeBug_NoBoundsBug_Dup.cpp
","0.000605"
"__16_2d_SSSP_CPP_V_Data_Push_IntType_ReadWrite_NonDeterm_NoFieldBug_Block_Atomic_NoRangeBug_NoBoundsBug_NonDup.cpp
","0.001264"
"__16_2d_SSSP_CPP_V_Data_Pull_IntType_Determ_NoFieldBug_Cyclic_Atomic_NoBoundsBug_NoRangeBug.cpp
","0.000609"
"__16_2d_SSSP_CPP_V_Data_Pull_IntType_NonDeterm_NoFieldBug_Block_Atomic_NoBoundsBug_NoRangeBug.cpp
","0.000641"
"__16_2d_SSSP_CPP_V_Data_Pull_IntType_NonDeterm_NoFieldBug_Cyclic_Atomic_NoBoundsBug_NoRangeBug.cpp
","0.000635"
"__16_2d_SSSP_CPP_V_Data_Pull_IntType_Determ_NoFieldBug_Block_Atomic_NoBoundsBug_NoRangeBug.cpp
","0.000584"
"__16_2d_SSSP_CPP_V_Topo_Push_IntType_ReadWrite_NonDeterm_NoBoundsBug_Cyclic_Atomic_NoRangeBug.cpp
","0.000385"
"__16_2d_SSSP_CPP_V_Topo_Push_IntType_ReadModifyWrite_NonDeterm_NoBoundsBug_Block_Atomic_NoRangeBug.cpp
","0.000459"
"__16_2d_SSSP_CPP_V_Topo_Push_IntType_ReadWrite_NonDeterm_NoBoundsBug_Block_Atomic_NoRangeBug.cpp
","0.000467"
"__16_2d_SSSP_CPP_V_Topo_Push_IntType_ReadModifyWrite_NonDeterm_NoBoundsBug_Cyclic_Atomic_NoRangeBug.cpp
","0.000386"
"__16_2d_SSSP_CPP_V_Topo_Push_IntType_ReadModifyWrite_Determ_NoBoundsBug_Cyclic_Atomic_NoRangeBug.cpp
","0.000304"
"__16_2d_SSSP_CPP_V_Topo_Push_IntType_ReadModifyWrite_Determ_NoBoundsBug_Block_Atomic_NoRangeBug.cpp
","0.000588"
"__16_2d_SSSP_CPP_V_Topo_Pull_IntType_Determ_NoBoundsBug_Block_Atomic_NoRangeBug.cpp
","0.000629"
"__16_2d_SSSP_CPP_V_Topo_Pull_IntType_Determ_NoBoundsBug_Cyclic_Atomic_NoRangeBug.cpp
","0.000234"
"__16_2d_SSSP_CPP_V_Topo_Pull_IntType_NonDeterm_NoBoundsBug_Block_Atomic_NoRangeBug.cpp
","0.000304"
"__16_2d_SSSP_CPP_V_Topo_Pull_IntType_NonDeterm_NoBoundsBug_Cyclic_Atomic_NoRangeBug.cpp
","0.000238"
"__16_co_SSSP_CPP_E_Data_IntType_NonDeterm_NoFieldBug_Block_Atomic_NoRangeBug_ReadModifyWrite.cpp
","0.002184"
"__16_co_SSSP_CPP_E_Data_IntType_Determ_NoFieldBug_Block_Atomic_NoRangeBug_ReadModifyWrite.cpp
","0.001272"
"__16_co_SSSP_CPP_E_Data_IntType_NonDeterm_NoFieldBug_Cyclic_Atomic_NoRangeBug_ReadWrite.cpp
","0.002453"
"__16_co_SSSP_CPP_E_Data_IntType_NonDeterm_NoFieldBug_Cyclic_Atomic_NoRangeBug_ReadModifyWrite.cpp
","0.002480"
"__16_co_SSSP_CPP_E_Data_IntType_NonDeterm_NoFieldBug_Block_Atomic_NoRangeBug_ReadWrite.cpp
","0.002658"
"__16_co_SSSP_CPP_E_Data_IntType_Determ_NoFieldBug_Cyclic_Atomic_NoRangeBug_ReadModifyWrite.cpp
","0.001263"
"__16_co_SSSP_CPP_E_Topo_IntType_ReadWrite_Block_NonDeterm_NoBoundsBug_Atomic_NoRangeBug.cpp
","0.055241"
"__16_co_SSSP_CPP_E_Topo_IntType_ReadModifyWrite_Cyclic_Determ_NoBoundsBug_Atomic_NoRangeBug.cpp
","0.008700"
"__16_co_SSSP_CPP_E_Topo_IntType_ReadModifyWrite_Block_NonDeterm_NoBoundsBug_Atomic_NoRangeBug.cpp
","0.056608"
"__16_co_SSSP_CPP_E_Topo_IntType_ReadModifyWrite_Block_Determ_NoBoundsBug_Atomic_NoRangeBug.cpp
","0.031488"
"__16_co_SSSP_CPP_E_Topo_IntType_ReadWrite_Cyclic_NonDeterm_NoBoundsBug_Atomic_NoRangeBug.cpp
","0.014225"
"__16_co_SSSP_CPP_E_Topo_IntType_ReadModifyWrite_Cyclic_NonDeterm_NoBoundsBug_Atomic_NoRangeBug.cpp
","0.014715"
"__16_co_SSSP_CPP_V_Data_Push_IntType_ReadModifyWrite_Determ_NoFieldBug_Block_Atomic_NoRangeBug_NoBoundsBug_Dup.cpp
","0.027381"
"__16_co_SSSP_CPP_V_Data_Push_IntType_ReadModifyWrite_Determ_NoFieldBug_Cyclic_Atomic_NoRangeBug_NoBoundsBug_Dup.cpp
","0.028298"
"__16_co_SSSP_CPP_V_Data_Push_IntType_ReadModifyWrite_NonDeterm_NoFieldBug_Cyclic_Atomic_NoRangeBug_NoBoundsBug_Dup.cpp
","0.077348"
"__16_co_SSSP_CPP_V_Data_Push_IntType_ReadModifyWrite_Determ_NoFieldBug_Block_Atomic_NoRangeBug_NoBoundsBug_NonDup.cpp
","0.046088"
"__16_co_SSSP_CPP_V_Data_Push_IntType_ReadWrite_NonDeterm_NoFieldBug_Cyclic_Atomic_NoRangeBug_NoBoundsBug_NonDup.cpp
","0.084195"
"__16_co_SSSP_CPP_V_Data_Push_IntType_ReadModifyWrite_NonDeterm_NoFieldBug_Block_Atomic_NoRangeBug_NoBoundsBug_NonDup.cpp
","0.089893"
"__16_co_SSSP_CPP_V_Data_Push_IntType_ReadModifyWrite_NonDeterm_NoFieldBug_Cyclic_Atomic_NoRangeBug_NoBoundsBug_NonDup.cpp
","0.094207"
"__16_co_SSSP_CPP_V_Data_Push_IntType_ReadModifyWrite_Determ_NoFieldBug_Cyclic_Atomic_NoRangeBug_NoBoundsBug_NonDup.cpp
","0.042851"
"__16_co_SSSP_CPP_V_Data_Push_IntType_ReadModifyWrite_NonDeterm_NoFieldBug_Block_Atomic_NoRangeBug_NoBoundsBug_Dup.cpp
","0.069270"
"__16_co_SSSP_CPP_V_Data_Push_IntType_ReadWrite_NonDeterm_NoFieldBug_Block_Atomic_NoRangeBug_NoBoundsBug_NonDup.cpp
","0.075664"
"__16_co_SSSP_CPP_V_Data_Pull_IntType_Determ_NoFieldBug_Cyclic_Atomic_NoBoundsBug_NoRangeBug.cpp
","0.025432"
"__16_co_SSSP_CPP_V_Data_Pull_IntType_NonDeterm_NoFieldBug_Block_Atomic_NoBoundsBug_NoRangeBug.cpp
","0.048617"
"__16_co_SSSP_CPP_V_Data_Pull_IntType_NonDeterm_NoFieldBug_Cyclic_Atomic_NoBoundsBug_NoRangeBug.cpp
","0.052556"
"__16_co_SSSP_CPP_V_Data_Pull_IntType_Determ_NoFieldBug_Block_Atomic_NoBoundsBug_NoRangeBug.cpp
","0.026275"
"__16_co_SSSP_CPP_V_Topo_Push_IntType_ReadWrite_NonDeterm_NoBoundsBug_Cyclic_Atomic_NoRangeBug.cpp
","0.045317"
"__16_co_SSSP_CPP_V_Topo_Push_IntType_ReadModifyWrite_NonDeterm_NoBoundsBug_Block_Atomic_NoRangeBug.cpp
","0.086257"
"__16_co_SSSP_CPP_V_Topo_Push_IntType_ReadWrite_NonDeterm_NoBoundsBug_Block_Atomic_NoRangeBug.cpp
","0.087296"
"__16_co_SSSP_CPP_V_Topo_Push_IntType_ReadModifyWrite_NonDeterm_NoBoundsBug_Cyclic_Atomic_NoRangeBug.cpp
","0.047080"
"__16_co_SSSP_CPP_V_Topo_Push_IntType_ReadModifyWrite_Determ_NoBoundsBug_Cyclic_Atomic_NoRangeBug.cpp
","0.027034"
"__16_co_SSSP_CPP_V_Topo_Push_IntType_ReadModifyWrite_Determ_NoBoundsBug_Block_Atomic_NoRangeBug.cpp
","0.052719"
"__16_co_SSSP_CPP_V_Topo_Pull_IntType_Determ_NoBoundsBug_Block_Atomic_NoRangeBug.cpp
","0.044908"
"__16_co_SSSP_CPP_V_Topo_Pull_IntType_Determ_NoBoundsBug_Cyclic_Atomic_NoRangeBug.cpp
","0.024422"
"__16_co_SSSP_CPP_V_Topo_Pull_IntType_NonDeterm_NoBoundsBug_Block_Atomic_NoRangeBug.cpp
","0.023955"
"__16_co_SSSP_CPP_V_Topo_Pull_IntType_NonDeterm_NoBoundsBug_Cyclic_Atomic_NoRangeBug.cpp
","0.026828"
"__16_soc_SSSP_CPP_E_Data_IntType_NonDeterm_NoFieldBug_Block_Atomic_NoRangeBug_ReadModifyWrite.cpp
","0.003007"
"__16_soc_SSSP_CPP_E_Data_IntType_Determ_NoFieldBug_Block_Atomic_NoRangeBug_ReadModifyWrite.cpp
","0.002027"
"__16_soc_SSSP_CPP_E_Data_IntType_NonDeterm_NoFieldBug_Cyclic_Atomic_NoRangeBug_ReadWrite.cpp
","0.003552"
"__16_soc_SSSP_CPP_E_Data_IntType_NonDeterm_NoFieldBug_Cyclic_Atomic_NoRangeBug_ReadModifyWrite.cpp
","0.003488"
"__16_soc_SSSP_CPP_E_Data_IntType_NonDeterm_NoFieldBug_Block_Atomic_NoRangeBug_ReadWrite.cpp
","0.003468"
"__16_soc_SSSP_CPP_E_Data_IntType_Determ_NoFieldBug_Cyclic_Atomic_NoRangeBug_ReadModifyWrite.cpp
","0.001915"
"__16_soc_SSSP_CPP_E_Topo_IntType_ReadWrite_Block_NonDeterm_NoBoundsBug_Atomic_NoRangeBug.cpp
","0.035178"
"__16_soc_SSSP_CPP_E_Topo_IntType_ReadModifyWrite_Cyclic_Determ_NoBoundsBug_Atomic_NoRangeBug.cpp
","0.006932"
"__16_soc_SSSP_CPP_E_Topo_IntType_ReadModifyWrite_Block_NonDeterm_NoBoundsBug_Atomic_NoRangeBug.cpp
","0.034377"
"__16_soc_SSSP_CPP_E_Topo_IntType_ReadModifyWrite_Block_Determ_NoBoundsBug_Atomic_NoRangeBug.cpp
","0.017999"
"__16_soc_SSSP_CPP_E_Topo_IntType_ReadWrite_Cyclic_NonDeterm_NoBoundsBug_Atomic_NoRangeBug.cpp
","0.014111"
"__16_soc_SSSP_CPP_E_Topo_IntType_ReadModifyWrite_Cyclic_NonDeterm_NoBoundsBug_Atomic_NoRangeBug.cpp
","0.014051"
"__16_soc_SSSP_CPP_V_Data_Push_IntType_ReadModifyWrite_Determ_NoFieldBug_Block_Atomic_NoRangeBug_NoBoundsBug_Dup.cpp
","0.018514"
"__16_soc_SSSP_CPP_V_Data_Push_IntType_ReadModifyWrite_Determ_NoFieldBug_Cyclic_Atomic_NoRangeBug_NoBoundsBug_Dup.cpp
","0.018510"
"__16_soc_SSSP_CPP_V_Data_Push_IntType_ReadModifyWrite_NonDeterm_NoFieldBug_Cyclic_Atomic_NoRangeBug_NoBoundsBug_Dup.cpp
","0.040695"
"__16_soc_SSSP_CPP_V_Data_Push_IntType_ReadModifyWrite_Determ_NoFieldBug_Block_Atomic_NoRangeBug_NoBoundsBug_NonDup.cpp
","0.025583"
"__16_soc_SSSP_CPP_V_Data_Push_IntType_ReadWrite_NonDeterm_NoFieldBug_Cyclic_Atomic_NoRangeBug_NoBoundsBug_NonDup.cpp
","0.047889"
"__16_soc_SSSP_CPP_V_Data_Push_IntType_ReadModifyWrite_NonDeterm_NoFieldBug_Block_Atomic_NoRangeBug_NoBoundsBug_NonDup.cpp
","0.045875"
"__16_soc_SSSP_CPP_V_Data_Push_IntType_ReadModifyWrite_NonDeterm_NoFieldBug_Cyclic_Atomic_NoRangeBug_NoBoundsBug_NonDup.cpp
","0.053337"
"__16_soc_SSSP_CPP_V_Data_Push_IntType_ReadModifyWrite_Determ_NoFieldBug_Cyclic_Atomic_NoRangeBug_NoBoundsBug_NonDup.cpp
","0.026064"
"__16_soc_SSSP_CPP_V_Data_Push_IntType_ReadModifyWrite_NonDeterm_NoFieldBug_Block_Atomic_NoRangeBug_NoBoundsBug_Dup.cpp
","0.037406"
"__16_soc_SSSP_CPP_V_Data_Push_IntType_ReadWrite_NonDeterm_NoFieldBug_Block_Atomic_NoRangeBug_NoBoundsBug_NonDup.cpp
","0.038903"
"__16_soc_SSSP_CPP_V_Data_Pull_IntType_Determ_NoFieldBug_Cyclic_Atomic_NoBoundsBug_NoRangeBug.cpp
","0.012907"
"__16_soc_SSSP_CPP_V_Data_Pull_IntType_NonDeterm_NoFieldBug_Block_Atomic_NoBoundsBug_NoRangeBug.cpp
","0.020472"
"__16_soc_SSSP_CPP_V_Data_Pull_IntType_NonDeterm_NoFieldBug_Cyclic_Atomic_NoBoundsBug_NoRangeBug.cpp
","0.028344"
"__16_soc_SSSP_CPP_V_Data_Pull_IntType_Determ_NoFieldBug_Block_Atomic_NoBoundsBug_NoRangeBug.cpp
","0.011031"
"__16_soc_SSSP_CPP_V_Topo_Push_IntType_ReadWrite_NonDeterm_NoBoundsBug_Cyclic_Atomic_NoRangeBug.cpp
","0.031918"
"__16_soc_SSSP_CPP_V_Topo_Push_IntType_ReadModifyWrite_NonDeterm_NoBoundsBug_Block_Atomic_NoRangeBug.cpp
","0.036521"
"__16_soc_SSSP_CPP_V_Topo_Push_IntType_ReadWrite_NonDeterm_NoBoundsBug_Block_Atomic_NoRangeBug.cpp
","0.036165"
"__16_soc_SSSP_CPP_V_Topo_Push_IntType_ReadModifyWrite_NonDeterm_NoBoundsBug_Cyclic_Atomic_NoRangeBug.cpp
","0.031876"
"__16_soc_SSSP_CPP_V_Topo_Push_IntType_ReadModifyWrite_Determ_NoBoundsBug_Cyclic_Atomic_NoRangeBug.cpp
","0.015739"
"__16_soc_SSSP_CPP_V_Topo_Push_IntType_ReadModifyWrite_Determ_NoBoundsBug_Block_Atomic_NoRangeBug.cpp
","0.018353"
"__16_soc_SSSP_CPP_V_Topo_Pull_IntType_Determ_NoBoundsBug_Block_Atomic_NoRangeBug.cpp
","0.019040"
"__16_soc_SSSP_CPP_V_Topo_Pull_IntType_Determ_NoBoundsBug_Cyclic_Atomic_NoRangeBug.cpp
","0.014344"
"__16_soc_SSSP_CPP_V_Topo_Pull_IntType_NonDeterm_NoBoundsBug_Block_Atomic_NoRangeBug.cpp
","0.021054"
"__16_soc_SSSP_CPP_V_Topo_Pull_IntType_NonDeterm_NoBoundsBug_Cyclic_Atomic_NoRangeBug.cpp
","0.025137"
"__16_ny_SSSP_CPP_E_Data_IntType_NonDeterm_NoFieldBug_Block_Atomic_NoRangeBug_ReadModifyWrite.cpp
","0.000153"
"__16_ny_SSSP_CPP_E_Data_IntType_Determ_NoFieldBug_Block_Atomic_NoRangeBug_ReadModifyWrite.cpp
","0.000058"
"__16_ny_SSSP_CPP_E_Data_IntType_NonDeterm_NoFieldBug_Cyclic_Atomic_NoRangeBug_ReadWrite.cpp
","0.000198"
"__16_ny_SSSP_CPP_E_Data_IntType_NonDeterm_NoFieldBug_Cyclic_Atomic_NoRangeBug_ReadModifyWrite.cpp
","0.000140"
"__16_ny_SSSP_CPP_E_Data_IntType_NonDeterm_NoFieldBug_Block_Atomic_NoRangeBug_ReadWrite.cpp
","0.000212"
"__16_ny_SSSP_CPP_E_Data_IntType_Determ_NoFieldBug_Cyclic_Atomic_NoRangeBug_ReadModifyWrite.cpp
","0.000056"
"__16_ny_SSSP_CPP_E_Topo_IntType_ReadWrite_Block_NonDeterm_NoBoundsBug_Atomic_NoRangeBug.cpp
","0.000395"
"__16_ny_SSSP_CPP_E_Topo_IntType_ReadModifyWrite_Cyclic_Determ_NoBoundsBug_Atomic_NoRangeBug.cpp
","0.000212"
"__16_ny_SSSP_CPP_E_Topo_IntType_ReadModifyWrite_Block_NonDeterm_NoBoundsBug_Atomic_NoRangeBug.cpp
","0.000402"
"__16_ny_SSSP_CPP_E_Topo_IntType_ReadModifyWrite_Block_Determ_NoBoundsBug_Atomic_NoRangeBug.cpp
","0.000312"
"__16_ny_SSSP_CPP_E_Topo_IntType_ReadWrite_Cyclic_NonDeterm_NoBoundsBug_Atomic_NoRangeBug.cpp
","0.000522"
"__16_ny_SSSP_CPP_E_Topo_IntType_ReadModifyWrite_Cyclic_NonDeterm_NoBoundsBug_Atomic_NoRangeBug.cpp
","0.000522"
"__16_ny_SSSP_CPP_V_Data_Push_IntType_ReadModifyWrite_Determ_NoFieldBug_Block_Atomic_NoRangeBug_NoBoundsBug_Dup.cpp
","0.000134"
"__16_ny_SSSP_CPP_V_Data_Push_IntType_ReadModifyWrite_Determ_NoFieldBug_Cyclic_Atomic_NoRangeBug_NoBoundsBug_Dup.cpp
","0.000133"
"__16_ny_SSSP_CPP_V_Data_Push_IntType_ReadModifyWrite_NonDeterm_NoFieldBug_Cyclic_Atomic_NoRangeBug_NoBoundsBug_Dup.cpp
","0.000335"
"__16_ny_SSSP_CPP_V_Data_Push_IntType_ReadModifyWrite_Determ_NoFieldBug_Block_Atomic_NoRangeBug_NoBoundsBug_NonDup.cpp
","0.000135"
"__16_ny_SSSP_CPP_V_Data_Push_IntType_ReadWrite_NonDeterm_NoFieldBug_Cyclic_Atomic_NoRangeBug_NoBoundsBug_NonDup.cpp
","0.000373"
"__16_ny_SSSP_CPP_V_Data_Push_IntType_ReadModifyWrite_NonDeterm_NoFieldBug_Block_Atomic_NoRangeBug_NoBoundsBug_NonDup.cpp
","0.000347"
"__16_ny_SSSP_CPP_V_Data_Push_IntType_ReadModifyWrite_NonDeterm_NoFieldBug_Cyclic_Atomic_NoRangeBug_NoBoundsBug_NonDup.cpp
","0.000354"
"__16_ny_SSSP_CPP_V_Data_Push_IntType_ReadModifyWrite_Determ_NoFieldBug_Cyclic_Atomic_NoRangeBug_NoBoundsBug_NonDup.cpp
","0.000141"
"__16_ny_SSSP_CPP_V_Data_Push_IntType_ReadModifyWrite_NonDeterm_NoFieldBug_Block_Atomic_NoRangeBug_NoBoundsBug_Dup.cpp
","0.000357"
"__16_ny_SSSP_CPP_V_Data_Push_IntType_ReadWrite_NonDeterm_NoFieldBug_Block_Atomic_NoRangeBug_NoBoundsBug_NonDup.cpp
","0.000313"
"__16_ny_SSSP_CPP_V_Data_Pull_IntType_Determ_NoFieldBug_Cyclic_Atomic_NoBoundsBug_NoRangeBug.cpp
","0.000131"
"__16_ny_SSSP_CPP_V_Data_Pull_IntType_NonDeterm_NoFieldBug_Block_Atomic_NoBoundsBug_NoRangeBug.cpp
","0.000416"
"__16_ny_SSSP_CPP_V_Data_Pull_IntType_NonDeterm_NoFieldBug_Cyclic_Atomic_NoBoundsBug_NoRangeBug.cpp
","0.000436"
"__16_ny_SSSP_CPP_V_Data_Pull_IntType_Determ_NoFieldBug_Block_Atomic_NoBoundsBug_NoRangeBug.cpp
","0.000133"
"__16_ny_SSSP_CPP_V_Topo_Push_IntType_ReadWrite_NonDeterm_NoBoundsBug_Cyclic_Atomic_NoRangeBug.cpp
","0.000791"
"__16_ny_SSSP_CPP_V_Topo_Push_IntType_ReadModifyWrite_NonDeterm_NoBoundsBug_Block_Atomic_NoRangeBug.cpp
","0.000508"
"__16_ny_SSSP_CPP_V_Topo_Push_IntType_ReadWrite_NonDeterm_NoBoundsBug_Block_Atomic_NoRangeBug.cpp
","0.000509"
"__16_ny_SSSP_CPP_V_Topo_Push_IntType_ReadModifyWrite_NonDeterm_NoBoundsBug_Cyclic_Atomic_NoRangeBug.cpp
","0.000769"
"__16_ny_SSSP_CPP_V_Topo_Push_IntType_ReadModifyWrite_Determ_NoBoundsBug_Cyclic_Atomic_NoRangeBug.cpp
","0.000329"
"__16_ny_SSSP_CPP_V_Topo_Push_IntType_ReadModifyWrite_Determ_NoBoundsBug_Block_Atomic_NoRangeBug.cpp
","0.000372"
"__16_ny_SSSP_CPP_V_Topo_Pull_IntType_Determ_NoBoundsBug_Block_Atomic_NoRangeBug.cpp
","0.000371"
"__16_ny_SSSP_CPP_V_Topo_Pull_IntType_Determ_NoBoundsBug_Cyclic_Atomic_NoRangeBug.cpp
","0.000192"
"__16_ny_SSSP_CPP_V_Topo_Pull_IntType_NonDeterm_NoBoundsBug_Block_Atomic_NoRangeBug.cpp
","0.000300"
"__16_ny_SSSP_CPP_V_Topo_Pull_IntType_NonDeterm_NoBoundsBug_Cyclic_Atomic_NoRangeBug.cpp
","0.000370"
"_omp_32_2d_SSSP_OMP_E_Data_Push_NonDeterm_IntType_ReadWrite_Atomic_NonDup_NoFieldBug_Dynamic.cpp
","0.002778"
"_omp_32_2d_SSSP_OMP_E_Data_Push_NonDeterm_IntType_ReadModifyWrite_Atomic_NonDup_NoFieldBug_Default.cpp
","3988.691904"
"_omp_32_2d_SSSP_OMP_E_Data_Push_NonDeterm_IntType_ReadModifyWrite_Atomic_NonDup_NoFieldBug_Dynamic.cpp
","2085.367026"
"_omp_32_2d_SSSP_OMP_E_Data_Push_NonDeterm_IntType_ReadWrite_Atomic_NonDup_NoFieldBug_Default.cpp
","0.002737"
"_omp_32_2d_SSSP_OMP_E_Data_Push_Determ_IntType_ReadModifyWrite_Atomic_NonDup_NoFieldBug_Dynamic.cpp
","0.000458"
"_omp_32_2d_SSSP_OMP_E_Data_Push_Determ_IntType_ReadModifyWrite_Atomic_NonDup_NoFieldBug_Default.cpp
","0.000459"
"_omp_32_2d_SSSP_OMP_E_Topo_Push_NonDeterm_IntType_ReadModifyWrite_Atomic_NoBoundsBug_Dynamic_NoRangeBug.cpp
","0.000246"
"_omp_32_2d_SSSP_OMP_E_Topo_Push_Determ_IntType_ReadModifyWrite_Atomic_NoBoundsBug_Dynamic_NoRangeBug.cpp
","0.000146"
"_omp_32_2d_SSSP_OMP_E_Topo_Push_NonDeterm_IntType_ReadModifyWrite_Atomic_NoBoundsBug_Default_NoRangeBug.cpp
","0.000247"
"_omp_32_2d_SSSP_OMP_E_Topo_Push_NonDeterm_IntType_ReadWrite_Atomic_NoBoundsBug_Dynamic_NoRangeBug.cpp
","0.000246"
"_omp_32_2d_SSSP_OMP_E_Topo_Push_NonDeterm_IntType_ReadWrite_Atomic_NoBoundsBug_Default_NoRangeBug.cpp
","0.000247"
"_omp_32_2d_SSSP_OMP_E_Topo_Push_Determ_IntType_ReadModifyWrite_Atomic_NoBoundsBug_Default_NoRangeBug.cpp
","0.000149"
"_omp_32_2d_SSSP_OMP_V_Data_Push_IntType_ReadModifyWrite_NonDeterm_Dynamic_NoFieldBug_Atomic_NoRangeBug_NoBoundsBug2_NonDup.cpp
","0.001152"
"_omp_32_2d_SSSP_OMP_V_Data_Push_IntType_ReadModifyWrite_NonDeterm_Dynamic_NoFieldBug_Atomic_NoRangeBug_NoBoundsBug2_Dup.cpp
","0.001533"
"_omp_32_2d_SSSP_OMP_V_Data_Push_IntType_ReadWrite_NonDeterm_Dynamic_NoFieldBug_Atomic_NoRangeBug_NoBoundsBug2_NonDup.cpp
","0.000834"
"_omp_32_2d_SSSP_OMP_V_Data_Push_IntType_ReadModifyWrite_NonDeterm_Default_NoFieldBug_Atomic_NoRangeBug_NoBoundsBug2_NonDup.cpp
","0.001144"
"_omp_32_2d_SSSP_OMP_V_Data_Push_IntType_ReadModifyWrite_NonDeterm_Default_NoFieldBug_Atomic_NoRangeBug_NoBoundsBug2_Dup.cpp
","0.001577"
"_omp_32_2d_SSSP_OMP_V_Data_Push_IntType_ReadModifyWrite_Determ_Default_NoFieldBug_Atomic_NoRangeBug_NoBoundsBug2_Dup.cpp
","0.001301"
"_omp_32_2d_SSSP_OMP_V_Data_Push_IntType_ReadModifyWrite_Determ_Default_NoFieldBug_Atomic_NoRangeBug_NoBoundsBug2_NonDup.cpp
","0.001014"
"_omp_32_2d_SSSP_OMP_V_Data_Push_IntType_ReadWrite_NonDeterm_Default_NoFieldBug_Atomic_NoRangeBug_NoBoundsBug2_NonDup.cpp
","0.000828"
"_omp_32_2d_SSSP_OMP_V_Data_Push_IntType_ReadModifyWrite_Determ_Dynamic_NoFieldBug_Atomic_NoRangeBug_NoBoundsBug2_Dup.cpp
","0.001305"
"_omp_32_2d_SSSP_OMP_V_Data_Push_IntType_ReadModifyWrite_Determ_Dynamic_NoFieldBug_Atomic_NoRangeBug_NoBoundsBug2_NonDup.cpp
","0.001001"
"_omp_32_2d_SSSP_OMP_V_Data_Pull_IntType_NonDeterm_Dynamic_NoFieldBug_Atomic_NoBoundsBug2_NoRangeBug.cpp
","0.000912"
"_omp_32_2d_SSSP_OMP_V_Data_Pull_IntType_Determ_Default_NoFieldBug_Atomic_NoBoundsBug2_NoRangeBug.cpp
","0.000714"
"_omp_32_2d_SSSP_OMP_V_Data_Pull_IntType_NonDeterm_Default_NoFieldBug_Atomic_NoBoundsBug2_NoRangeBug.cpp
","0.000922"
"_omp_32_2d_SSSP_OMP_V_Data_Pull_IntType_Determ_Dynamic_NoFieldBug_Atomic_NoBoundsBug2_NoRangeBug.cpp
","0.000716"
"_omp_32_2d_SSSP_OMP_V_Topo_Push_IntType_ReadModifyWrite_Determ_Dynamic_NoBoundsBug_Atomic_NoRangeBug.cpp
","0.000199"
"_omp_32_2d_SSSP_OMP_V_Topo_Push_IntType_ReadWrite_NonDeterm_Dynamic_NoBoundsBug_Atomic_NoRangeBug.cpp
","0.000309"
"_omp_32_2d_SSSP_OMP_V_Topo_Push_IntType_ReadModifyWrite_NonDeterm_Dynamic_NoBoundsBug_Atomic_NoRangeBug.cpp
","0.000316"
"_omp_32_2d_SSSP_OMP_V_Topo_Push_IntType_ReadWrite_NonDeterm_Default_NoBoundsBug_Atomic_NoRangeBug.cpp
","0.000317"
"_omp_32_2d_SSSP_OMP_V_Topo_Push_IntType_ReadModifyWrite_NonDeterm_Default_NoBoundsBug_Atomic_NoRangeBug.cpp
","0.000316"
"_omp_32_2d_SSSP_OMP_V_Topo_Push_IntType_ReadModifyWrite_Determ_Default_NoBoundsBug_Atomic_NoRangeBug.cpp
","0.000198"
"_omp_32_2d_SSSP_OMP_V_Topo_Pull_IntType_Determ_Default_NoBoundsBug_Atomic_NoRangeBug.cpp
","0.000140"
"_omp_32_2d_SSSP_OMP_V_Topo_Pull_IntType_NonDeterm_Default_NoBoundsBug_Atomic_NoRangeBug.cpp
","0.000269"
"_omp_32_2d_SSSP_OMP_V_Topo_Pull_IntType_Determ_Dynamic_NoBoundsBug_Atomic_NoRangeBug.cpp
","0.000140"
"_omp_32_2d_SSSP_OMP_V_Topo_Pull_IntType_NonDeterm_Dynamic_NoBoundsBug_Atomic_NoRangeBug.cpp
","0.000263"
"_omp_32_ny_SSSP_OMP_E_Data_Push_NonDeterm_IntType_ReadWrite_Atomic_NonDup_NoFieldBug_Dynamic.cpp
","0.002138"
"_omp_32_ny_SSSP_OMP_E_Data_Push_NonDeterm_IntType_ReadModifyWrite_Atomic_NonDup_NoFieldBug_Default.cpp
","0.001275"
"_omp_32_ny_SSSP_OMP_E_Data_Push_NonDeterm_IntType_ReadModifyWrite_Atomic_NonDup_NoFieldBug_Dynamic.cpp
","0.001253"
"_omp_32_ny_SSSP_OMP_E_Data_Push_NonDeterm_IntType_ReadWrite_Atomic_NonDup_NoFieldBug_Default.cpp
","0.002105"
"_omp_32_ny_SSSP_OMP_E_Data_Push_Determ_IntType_ReadModifyWrite_Atomic_NonDup_NoFieldBug_Dynamic.cpp
","0.000562"
"_omp_32_ny_SSSP_OMP_E_Data_Push_Determ_IntType_ReadModifyWrite_Atomic_NonDup_NoFieldBug_Default.cpp
","0.000564"
"_omp_32_ny_SSSP_OMP_E_Topo_Push_NonDeterm_IntType_ReadModifyWrite_Atomic_NoBoundsBug_Dynamic_NoRangeBug.cpp
","0.000712"
"_omp_32_ny_SSSP_OMP_E_Topo_Push_Determ_IntType_ReadModifyWrite_Atomic_NoBoundsBug_Dynamic_NoRangeBug.cpp
","0.000483"
"_omp_32_ny_SSSP_OMP_E_Topo_Push_NonDeterm_IntType_ReadModifyWrite_Atomic_NoBoundsBug_Default_NoRangeBug.cpp
","0.000712"
"_omp_32_ny_SSSP_OMP_E_Topo_Push_NonDeterm_IntType_ReadWrite_Atomic_NoBoundsBug_Dynamic_NoRangeBug.cpp
","0.000712"
"_omp_32_ny_SSSP_OMP_E_Topo_Push_NonDeterm_IntType_ReadWrite_Atomic_NoBoundsBug_Default_NoRangeBug.cpp
","0.000712"
"_omp_32_ny_SSSP_OMP_E_Topo_Push_Determ_IntType_ReadModifyWrite_Atomic_NoBoundsBug_Default_NoRangeBug.cpp
","0.000481"
"_omp_32_ny_SSSP_OMP_V_Data_Push_IntType_ReadModifyWrite_NonDeterm_Dynamic_NoFieldBug_Atomic_NoRangeBug_NoBoundsBug2_NonDup.cpp
","0.001191"
"_omp_32_ny_SSSP_OMP_V_Data_Push_IntType_ReadWrite_NonDeterm_Dynamic_NoFieldBug_Atomic_NoRangeBug_NoBoundsBug2_Dup.cpp
","0.002578"
"_omp_32_ny_SSSP_OMP_V_Data_Push_IntType_ReadModifyWrite_NonDeterm_Dynamic_NoFieldBug_Atomic_NoRangeBug_NoBoundsBug2_Dup.cpp
","0.001728"
"_omp_32_ny_SSSP_OMP_V_Data_Push_IntType_ReadWrite_NonDeterm_Dynamic_NoFieldBug_Atomic_NoRangeBug_NoBoundsBug2_NonDup.cpp
","0.000917"
"_omp_32_ny_SSSP_OMP_V_Data_Push_IntType_ReadWrite_NonDeterm_Default_NoFieldBug_Atomic_NoRangeBug_NoBoundsBug2_Dup.cpp
","0.002602"
"_omp_32_ny_SSSP_OMP_V_Data_Push_IntType_ReadModifyWrite_NonDeterm_Default_NoFieldBug_Atomic_NoRangeBug_NoBoundsBug2_NonDup.cpp
","0.001210"
"_omp_32_ny_SSSP_OMP_V_Data_Push_IntType_ReadModifyWrite_NonDeterm_Default_NoFieldBug_Atomic_NoRangeBug_NoBoundsBug2_Dup.cpp
","0.001747"
"_omp_32_ny_SSSP_OMP_V_Data_Push_IntType_ReadModifyWrite_Determ_Default_NoFieldBug_Atomic_NoRangeBug_NoBoundsBug2_Dup.cpp
","0.000751"
"_omp_32_ny_SSSP_OMP_V_Data_Push_IntType_ReadModifyWrite_Determ_Default_NoFieldBug_Atomic_NoRangeBug_NoBoundsBug2_NonDup.cpp
","0.000773"
"_omp_32_ny_SSSP_OMP_V_Data_Push_IntType_ReadWrite_NonDeterm_Default_NoFieldBug_Atomic_NoRangeBug_NoBoundsBug2_NonDup.cpp
","0.000906"
"_omp_32_ny_SSSP_OMP_V_Data_Push_IntType_ReadModifyWrite_Determ_Dynamic_NoFieldBug_Atomic_NoRangeBug_NoBoundsBug2_Dup.cpp
","0.000762"
"_omp_32_ny_SSSP_OMP_V_Data_Push_IntType_ReadModifyWrite_Determ_Dynamic_NoFieldBug_Atomic_NoRangeBug_NoBoundsBug2_NonDup.cpp
","0.000771"
"_omp_32_ny_SSSP_OMP_V_Data_Pull_IntType_NonDeterm_Dynamic_NoFieldBug_Atomic_NoBoundsBug2_NoRangeBug.cpp
","0.002226"
"_omp_32_ny_SSSP_OMP_V_Data_Pull_IntType_Determ_Default_NoFieldBug_Atomic_NoBoundsBug2_NoRangeBug.cpp
","0.000501"
"_omp_32_ny_SSSP_OMP_V_Data_Pull_IntType_NonDeterm_Default_NoFieldBug_Atomic_NoBoundsBug2_NoRangeBug.cpp
","0.002227"
"_omp_32_ny_SSSP_OMP_V_Data_Pull_IntType_Determ_Dynamic_NoFieldBug_Atomic_NoBoundsBug2_NoRangeBug.cpp
","0.000498"
"_omp_32_ny_SSSP_OMP_V_Topo_Push_IntType_ReadModifyWrite_Determ_Dynamic_NoBoundsBug_Atomic_NoRangeBug.cpp
","0.000340"
"_omp_32_ny_SSSP_OMP_V_Topo_Push_IntType_ReadWrite_NonDeterm_Dynamic_NoBoundsBug_Atomic_NoRangeBug.cpp
","0.000650"
"_omp_32_ny_SSSP_OMP_V_Topo_Push_IntType_ReadModifyWrite_NonDeterm_Dynamic_NoBoundsBug_Atomic_NoRangeBug.cpp
","0.000647"
"_omp_32_ny_SSSP_OMP_V_Topo_Push_IntType_ReadWrite_NonDeterm_Default_NoBoundsBug_Atomic_NoRangeBug.cpp
","0.000643"
"_omp_32_ny_SSSP_OMP_V_Topo_Push_IntType_ReadModifyWrite_NonDeterm_Default_NoBoundsBug_Atomic_NoRangeBug.cpp
","0.000647"
"_omp_32_ny_SSSP_OMP_V_Topo_Push_IntType_ReadModifyWrite_Determ_Default_NoBoundsBug_Atomic_NoRangeBug.cpp
","0.000340"
"_omp_32_ny_SSSP_OMP_V_Topo_Pull_IntType_Determ_Default_NoBoundsBug_Atomic_NoRangeBug.cpp
","0.000334"
"_omp_32_ny_SSSP_OMP_V_Topo_Pull_IntType_NonDeterm_Default_NoBoundsBug_Atomic_NoRangeBug.cpp
","0.000608"
"_omp_32_ny_SSSP_OMP_V_Topo_Pull_IntType_Determ_Dynamic_NoBoundsBug_Atomic_NoRangeBug.cpp
","0.000332"
"_omp_32_ny_SSSP_OMP_V_Topo_Pull_IntType_NonDeterm_Dynamic_NoBoundsBug_Atomic_NoRangeBug.cpp
","0.000610"
"_omp_32_rmat_SSSP_OMP_E_Data_Push_NonDeterm_IntType_ReadWrite_Atomic_NonDup_NoFieldBug_Dynamic.cpp
","0.007718"
"_omp_32_rmat_SSSP_OMP_E_Data_Push_NonDeterm_IntType_ReadModifyWrite_Atomic_NonDup_NoFieldBug_Default.cpp
","0.007598"
"_omp_32_rmat_SSSP_OMP_E_Data_Push_NonDeterm_IntType_ReadModifyWrite_Atomic_NonDup_NoFieldBug_Dynamic.cpp
","0.007597"
"_omp_32_rmat_SSSP_OMP_E_Data_Push_NonDeterm_IntType_ReadWrite_Atomic_NonDup_NoFieldBug_Default.cpp
","0.007736"
"_omp_32_rmat_SSSP_OMP_E_Data_Push_Determ_IntType_ReadModifyWrite_Atomic_NonDup_NoFieldBug_Dynamic.cpp
","0.003148"
"_omp_32_rmat_SSSP_OMP_E_Data_Push_Determ_IntType_ReadModifyWrite_Atomic_NonDup_NoFieldBug_Default.cpp
","0.003169"
"_omp_32_rmat_SSSP_OMP_E_Topo_Push_NonDeterm_IntType_ReadModifyWrite_Atomic_NoBoundsBug_Dynamic_NoRangeBug.cpp
","0.010880"
"_omp_32_rmat_SSSP_OMP_E_Topo_Push_Determ_IntType_ReadModifyWrite_Atomic_NoBoundsBug_Dynamic_NoRangeBug.cpp
","0.005308"
"_omp_32_rmat_SSSP_OMP_E_Topo_Push_NonDeterm_IntType_ReadModifyWrite_Atomic_NoBoundsBug_Default_NoRangeBug.cpp
","0.010924"
"_omp_32_rmat_SSSP_OMP_E_Topo_Push_NonDeterm_IntType_ReadWrite_Atomic_NoBoundsBug_Dynamic_NoRangeBug.cpp
","0.011000"
"_omp_32_rmat_SSSP_OMP_E_Topo_Push_NonDeterm_IntType_ReadWrite_Atomic_NoBoundsBug_Default_NoRangeBug.cpp
","0.010989"
"_omp_32_rmat_SSSP_OMP_E_Topo_Push_Determ_IntType_ReadModifyWrite_Atomic_NoBoundsBug_Default_NoRangeBug.cpp
","0.005284"
"_omp_32_rmat_SSSP_OMP_V_Data_Push_IntType_ReadModifyWrite_NonDeterm_Dynamic_NoFieldBug_Atomic_NoRangeBug_NoBoundsBug2_NonDup.cpp
","0.014341"
"_omp_32_rmat_SSSP_OMP_V_Data_Push_IntType_ReadModifyWrite_NonDeterm_Dynamic_NoFieldBug_Atomic_NoRangeBug_NoBoundsBug2_Dup.cpp
","0.012625"
"_omp_32_rmat_SSSP_OMP_V_Data_Push_IntType_ReadWrite_NonDeterm_Dynamic_NoFieldBug_Atomic_NoRangeBug_NoBoundsBug2_NonDup.cpp
","0.011386"
"_omp_32_rmat_SSSP_OMP_V_Data_Push_IntType_ReadModifyWrite_NonDeterm_Default_NoFieldBug_Atomic_NoRangeBug_NoBoundsBug2_NonDup.cpp
","0.014372"
"_omp_32_rmat_SSSP_OMP_V_Data_Push_IntType_ReadModifyWrite_NonDeterm_Default_NoFieldBug_Atomic_NoRangeBug_NoBoundsBug2_Dup.cpp
","0.012539"
"_omp_32_rmat_SSSP_OMP_V_Data_Push_IntType_ReadModifyWrite_Determ_Default_NoFieldBug_Atomic_NoRangeBug_NoBoundsBug2_Dup.cpp
","0.004953"
"_omp_32_rmat_SSSP_OMP_V_Data_Push_IntType_ReadModifyWrite_Determ_Default_NoFieldBug_Atomic_NoRangeBug_NoBoundsBug2_NonDup.cpp
","0.006721"
"_omp_32_rmat_SSSP_OMP_V_Data_Push_IntType_ReadWrite_NonDeterm_Default_NoFieldBug_Atomic_NoRangeBug_NoBoundsBug2_NonDup.cpp
","0.011382"
"_omp_32_rmat_SSSP_OMP_V_Data_Push_IntType_ReadModifyWrite_Determ_Dynamic_NoFieldBug_Atomic_NoRangeBug_NoBoundsBug2_Dup.cpp
","0.004851"
"_omp_32_rmat_SSSP_OMP_V_Data_Push_IntType_ReadModifyWrite_Determ_Dynamic_NoFieldBug_Atomic_NoRangeBug_NoBoundsBug2_NonDup.cpp
","0.006655"
"_omp_32_rmat_SSSP_OMP_V_Data_Pull_IntType_NonDeterm_Dynamic_NoFieldBug_Atomic_NoBoundsBug2_NoRangeBug.cpp
","0.007069"
"_omp_32_rmat_SSSP_OMP_V_Data_Pull_IntType_Determ_Default_NoFieldBug_Atomic_NoBoundsBug2_NoRangeBug.cpp
","0.002432"
"_omp_32_rmat_SSSP_OMP_V_Data_Pull_IntType_NonDeterm_Default_NoFieldBug_Atomic_NoBoundsBug2_NoRangeBug.cpp
","0.007073"
"_omp_32_rmat_SSSP_OMP_V_Data_Pull_IntType_Determ_Dynamic_NoFieldBug_Atomic_NoBoundsBug2_NoRangeBug.cpp
","0.002431"
"_omp_32_rmat_SSSP_OMP_V_Topo_Push_IntType_ReadModifyWrite_Determ_Dynamic_NoBoundsBug_Atomic_NoRangeBug.cpp
","0.005126"
"_omp_32_rmat_SSSP_OMP_V_Topo_Push_IntType_ReadWrite_NonDeterm_Dynamic_NoBoundsBug_Atomic_NoRangeBug.cpp
","0.012846"
"_omp_32_rmat_SSSP_OMP_V_Topo_Push_IntType_ReadModifyWrite_NonDeterm_Dynamic_NoBoundsBug_Atomic_NoRangeBug.cpp
","0.012816"
"_omp_32_rmat_SSSP_OMP_V_Topo_Push_IntType_ReadWrite_NonDeterm_Default_NoBoundsBug_Atomic_NoRangeBug.cpp
","0.012939"
"_omp_32_rmat_SSSP_OMP_V_Topo_Push_IntType_ReadModifyWrite_NonDeterm_Default_NoBoundsBug_Atomic_NoRangeBug.cpp
","0.012953"
"_omp_32_rmat_SSSP_OMP_V_Topo_Push_IntType_ReadModifyWrite_Determ_Default_NoBoundsBug_Atomic_NoRangeBug.cpp
","0.005130"
"_omp_32_rmat_SSSP_OMP_V_Topo_Pull_IntType_Determ_Default_NoBoundsBug_Atomic_NoRangeBug.cpp
","0.004622"
"_omp_32_rmat_SSSP_OMP_V_Topo_Pull_IntType_NonDeterm_Default_NoBoundsBug_Atomic_NoRangeBug.cpp
","0.011869"
"_omp_32_rmat_SSSP_OMP_V_Topo_Pull_IntType_Determ_Dynamic_NoBoundsBug_Atomic_NoRangeBug.cpp
","0.004631"
"_omp_32_rmat_SSSP_OMP_V_Topo_Pull_IntType_NonDeterm_Dynamic_NoBoundsBug_Atomic_NoRangeBug.cpp
","0.011942"
"_omp_32_co_SSSP_OMP_E_Data_Push_NonDeterm_IntType_ReadWrite_Atomic_NonDup_NoFieldBug_Dynamic.cpp
","0.020145"
"_omp_32_co_SSSP_OMP_E_Data_Push_NonDeterm_IntType_ReadModifyWrite_Atomic_NonDup_NoFieldBug_Default.cpp
","0.018240"
"_omp_32_co_SSSP_OMP_E_Data_Push_NonDeterm_IntType_ReadModifyWrite_Atomic_NonDup_NoFieldBug_Dynamic.cpp
","0.018309"
"_omp_32_co_SSSP_OMP_E_Data_Push_NonDeterm_IntType_ReadWrite_Atomic_NonDup_NoFieldBug_Default.cpp
","0.020227"
"_omp_32_co_SSSP_OMP_E_Data_Push_Determ_IntType_ReadModifyWrite_Atomic_NonDup_NoFieldBug_Dynamic.cpp
","0.008084"
"_omp_32_co_SSSP_OMP_E_Data_Push_Determ_IntType_ReadModifyWrite_Atomic_NonDup_NoFieldBug_Default.cpp
","0.008083"
"_omp_32_co_SSSP_OMP_E_Topo_Push_NonDeterm_IntType_ReadModifyWrite_Atomic_NoBoundsBug_Dynamic_NoRangeBug.cpp
","0.021474"
"_omp_32_co_SSSP_OMP_E_Topo_Push_Determ_IntType_ReadModifyWrite_Atomic_NoBoundsBug_Dynamic_NoRangeBug.cpp
","0.012179"
"_omp_32_co_SSSP_OMP_E_Topo_Push_NonDeterm_IntType_ReadModifyWrite_Atomic_NoBoundsBug_Default_NoRangeBug.cpp
","0.021450"
"_omp_32_co_SSSP_OMP_E_Topo_Push_NonDeterm_IntType_ReadWrite_Atomic_NoBoundsBug_Dynamic_NoRangeBug.cpp
","0.021754"
"_omp_32_co_SSSP_OMP_E_Topo_Push_NonDeterm_IntType_ReadWrite_Atomic_NoBoundsBug_Default_NoRangeBug.cpp
","0.021656"
"_omp_32_co_SSSP_OMP_E_Topo_Push_Determ_IntType_ReadModifyWrite_Atomic_NoBoundsBug_Default_NoRangeBug.cpp
","0.012981"
"_omp_32_co_SSSP_OMP_V_Data_Push_IntType_ReadModifyWrite_NonDeterm_Dynamic_NoFieldBug_Atomic_NoRangeBug_NoBoundsBug2_NonDup.cpp
","0.045483"
"_omp_32_co_SSSP_OMP_V_Data_Push_IntType_ReadModifyWrite_NonDeterm_Dynamic_NoFieldBug_Atomic_NoRangeBug_NoBoundsBug2_Dup.cpp
","0.045104"
"_omp_32_co_SSSP_OMP_V_Data_Push_IntType_ReadWrite_NonDeterm_Dynamic_NoFieldBug_Atomic_NoRangeBug_NoBoundsBug2_NonDup.cpp
","0.037744"
"_omp_32_co_SSSP_OMP_V_Data_Push_IntType_ReadModifyWrite_NonDeterm_Default_NoFieldBug_Atomic_NoRangeBug_NoBoundsBug2_NonDup.cpp
","0.045684"
"_omp_32_co_SSSP_OMP_V_Data_Push_IntType_ReadModifyWrite_NonDeterm_Default_NoFieldBug_Atomic_NoRangeBug_NoBoundsBug2_Dup.cpp
","0.045654"
"_omp_32_co_SSSP_OMP_V_Data_Push_IntType_ReadModifyWrite_Determ_Default_NoFieldBug_Atomic_NoRangeBug_NoBoundsBug2_Dup.cpp
","0.015413"
"_omp_32_co_SSSP_OMP_V_Data_Push_IntType_ReadModifyWrite_Determ_Default_NoFieldBug_Atomic_NoRangeBug_NoBoundsBug2_NonDup.cpp
","0.021631"
"_omp_32_co_SSSP_OMP_V_Data_Push_IntType_ReadWrite_NonDeterm_Default_NoFieldBug_Atomic_NoRangeBug_NoBoundsBug2_NonDup.cpp
","0.037904"
"_omp_32_co_SSSP_OMP_V_Data_Push_IntType_ReadModifyWrite_Determ_Dynamic_NoFieldBug_Atomic_NoRangeBug_NoBoundsBug2_Dup.cpp
","0.015465"
"_omp_32_co_SSSP_OMP_V_Data_Push_IntType_ReadModifyWrite_Determ_Dynamic_NoFieldBug_Atomic_NoRangeBug_NoBoundsBug2_NonDup.cpp
","0.021675"
"_omp_32_co_SSSP_OMP_V_Data_Pull_IntType_NonDeterm_Dynamic_NoFieldBug_Atomic_NoBoundsBug2_NoRangeBug.cpp
","0.030340"
"_omp_32_co_SSSP_OMP_V_Data_Pull_IntType_Determ_Default_NoFieldBug_Atomic_NoBoundsBug2_NoRangeBug.cpp
","0.010997"
"_omp_32_co_SSSP_OMP_V_Data_Pull_IntType_NonDeterm_Default_NoFieldBug_Atomic_NoBoundsBug2_NoRangeBug.cpp
","0.030724"
"_omp_32_co_SSSP_OMP_V_Data_Pull_IntType_Determ_Dynamic_NoFieldBug_Atomic_NoBoundsBug2_NoRangeBug.cpp
","0.010978"
"_omp_32_co_SSSP_OMP_V_Topo_Push_IntType_ReadModifyWrite_Determ_Dynamic_NoBoundsBug_Atomic_NoRangeBug.cpp
","0.018183"
"_omp_32_co_SSSP_OMP_V_Topo_Push_IntType_ReadWrite_NonDeterm_Dynamic_NoBoundsBug_Atomic_NoRangeBug.cpp
","0.034936"
"_omp_32_co_SSSP_OMP_V_Topo_Push_IntType_ReadModifyWrite_NonDeterm_Dynamic_NoBoundsBug_Atomic_NoRangeBug.cpp
","0.035462"
"_omp_32_co_SSSP_OMP_V_Topo_Push_IntType_ReadWrite_NonDeterm_Default_NoBoundsBug_Atomic_NoRangeBug.cpp
","0.035416"
"_omp_32_co_SSSP_OMP_V_Topo_Push_IntType_ReadModifyWrite_NonDeterm_Default_NoBoundsBug_Atomic_NoRangeBug.cpp
","0.035161"
"_omp_32_co_SSSP_OMP_V_Topo_Push_IntType_ReadModifyWrite_Determ_Default_NoBoundsBug_Atomic_NoRangeBug.cpp
","0.018314"
"_omp_32_co_SSSP_OMP_V_Topo_Pull_IntType_Determ_Default_NoBoundsBug_Atomic_NoRangeBug.cpp
","0.018031"
"_omp_32_co_SSSP_OMP_V_Topo_Pull_IntType_NonDeterm_Default_NoBoundsBug_Atomic_NoRangeBug.cpp
","0.033092"
"_omp_32_co_SSSP_OMP_V_Topo_Pull_IntType_Determ_Dynamic_NoBoundsBug_Atomic_NoRangeBug.cpp
","0.017878"
"_omp_32_co_SSSP_OMP_V_Topo_Pull_IntType_NonDeterm_Dynamic_NoBoundsBug_Atomic_NoRangeBug.cpp
","0.033189"
"_omp_32_soc_SSSP_OMP_E_Data_Push_NonDeterm_IntType_ReadWrite_Atomic_NonDup_NoFieldBug_Dynamic.cpp
","0.013871"
"_omp_32_soc_SSSP_OMP_E_Data_Push_NonDeterm_IntType_ReadModifyWrite_Atomic_NonDup_NoFieldBug_Default.cpp
","0.013577"
"_omp_32_soc_SSSP_OMP_E_Data_Push_NonDeterm_IntType_ReadModifyWrite_Atomic_NonDup_NoFieldBug_Dynamic.cpp
","0.013651"
"_omp_32_soc_SSSP_OMP_E_Data_Push_NonDeterm_IntType_ReadWrite_Atomic_NonDup_NoFieldBug_Default.cpp
","0.013790"
"_omp_32_soc_SSSP_OMP_E_Data_Push_Determ_IntType_ReadModifyWrite_Atomic_NonDup_NoFieldBug_Dynamic.cpp
","0.006198"
"_omp_32_soc_SSSP_OMP_E_Data_Push_Determ_IntType_ReadModifyWrite_Atomic_NonDup_NoFieldBug_Default.cpp
","0.006166"
"_omp_32_soc_SSSP_OMP_E_Topo_Push_NonDeterm_IntType_ReadModifyWrite_Atomic_NoBoundsBug_Dynamic_NoRangeBug.cpp
","0.013578"
"_omp_32_soc_SSSP_OMP_E_Topo_Push_Determ_IntType_ReadModifyWrite_Atomic_NoBoundsBug_Dynamic_NoRangeBug.cpp
","0.006985"
"_omp_32_soc_SSSP_OMP_E_Topo_Push_NonDeterm_IntType_ReadModifyWrite_Atomic_NoBoundsBug_Default_NoRangeBug.cpp
","0.013566"
"_omp_32_soc_SSSP_OMP_E_Topo_Push_NonDeterm_IntType_ReadWrite_Atomic_NoBoundsBug_Dynamic_NoRangeBug.cpp
","0.013594"
"_omp_32_soc_SSSP_OMP_E_Topo_Push_NonDeterm_IntType_ReadWrite_Atomic_NoBoundsBug_Default_NoRangeBug.cpp
","0.013647"
"_omp_32_soc_SSSP_OMP_E_Topo_Push_Determ_IntType_ReadModifyWrite_Atomic_NoBoundsBug_Default_NoRangeBug.cpp
","0.006956"
"_omp_32_soc_SSSP_OMP_V_Data_Push_IntType_ReadModifyWrite_NonDeterm_Dynamic_NoFieldBug_Atomic_NoRangeBug_NoBoundsBug2_NonDup.cpp
","0.027578"
"_omp_32_soc_SSSP_OMP_V_Data_Push_IntType_ReadWrite_NonDeterm_Dynamic_NoFieldBug_Atomic_NoRangeBug_NoBoundsBug2_Dup.cpp
","0.018874"
"_omp_32_soc_SSSP_OMP_V_Data_Push_IntType_ReadModifyWrite_NonDeterm_Dynamic_NoFieldBug_Atomic_NoRangeBug_NoBoundsBug2_Dup.cpp
","0.023305"
"_omp_32_soc_SSSP_OMP_V_Data_Push_IntType_ReadWrite_NonDeterm_Dynamic_NoFieldBug_Atomic_NoRangeBug_NoBoundsBug2_NonDup.cpp
","0.022243"
"_omp_32_soc_SSSP_OMP_V_Data_Push_IntType_ReadWrite_NonDeterm_Default_NoFieldBug_Atomic_NoRangeBug_NoBoundsBug2_Dup.cpp
","0.018856"
"_omp_32_soc_SSSP_OMP_V_Data_Push_IntType_ReadModifyWrite_NonDeterm_Default_NoFieldBug_Atomic_NoRangeBug_NoBoundsBug2_NonDup.cpp
","0.027729"
"_omp_32_soc_SSSP_OMP_V_Data_Push_IntType_ReadModifyWrite_NonDeterm_Default_NoFieldBug_Atomic_NoRangeBug_NoBoundsBug2_Dup.cpp
","0.023179"
"_omp_32_soc_SSSP_OMP_V_Data_Push_IntType_ReadModifyWrite_Determ_Default_NoFieldBug_Atomic_NoRangeBug_NoBoundsBug2_Dup.cpp
","0.010416"
"_omp_32_soc_SSSP_OMP_V_Data_Push_IntType_ReadModifyWrite_Determ_Default_NoFieldBug_Atomic_NoRangeBug_NoBoundsBug2_NonDup.cpp
","0.013870"
"_omp_32_soc_SSSP_OMP_V_Data_Push_IntType_ReadWrite_NonDeterm_Default_NoFieldBug_Atomic_NoRangeBug_NoBoundsBug2_NonDup.cpp
","0.021825"
"_omp_32_soc_SSSP_OMP_V_Data_Push_IntType_ReadModifyWrite_Determ_Dynamic_NoFieldBug_Atomic_NoRangeBug_NoBoundsBug2_Dup.cpp
","0.010457"
"_omp_32_soc_SSSP_OMP_V_Data_Push_IntType_ReadModifyWrite_Determ_Dynamic_NoFieldBug_Atomic_NoRangeBug_NoBoundsBug2_NonDup.cpp
","0.013787"
"_omp_32_soc_SSSP_OMP_V_Data_Pull_IntType_NonDeterm_Dynamic_NoFieldBug_Atomic_NoBoundsBug2_NoRangeBug.cpp
","0.012320"
"_omp_32_soc_SSSP_OMP_V_Data_Pull_IntType_Determ_Default_NoFieldBug_Atomic_NoBoundsBug2_NoRangeBug.cpp
","0.005316"
"_omp_32_soc_SSSP_OMP_V_Data_Pull_IntType_NonDeterm_Default_NoFieldBug_Atomic_NoBoundsBug2_NoRangeBug.cpp
","0.012290"
"_omp_32_soc_SSSP_OMP_V_Data_Pull_IntType_Determ_Dynamic_NoFieldBug_Atomic_NoBoundsBug2_NoRangeBug.cpp
","0.005315"
"_omp_32_soc_SSSP_OMP_V_Topo_Push_IntType_ReadModifyWrite_Determ_Dynamic_NoBoundsBug_Atomic_NoRangeBug.cpp
","0.007623"
"_omp_32_soc_SSSP_OMP_V_Topo_Push_IntType_ReadWrite_NonDeterm_Dynamic_NoBoundsBug_Atomic_NoRangeBug.cpp
","0.016606"
"_omp_32_soc_SSSP_OMP_V_Topo_Push_IntType_ReadModifyWrite_NonDeterm_Dynamic_NoBoundsBug_Atomic_NoRangeBug.cpp
","0.016584"
"_omp_32_soc_SSSP_OMP_V_Topo_Push_IntType_ReadWrite_NonDeterm_Default_NoBoundsBug_Atomic_NoRangeBug.cpp
","0.016562"
"_omp_32_soc_SSSP_OMP_V_Topo_Push_IntType_ReadModifyWrite_NonDeterm_Default_NoBoundsBug_Atomic_NoRangeBug.cpp
","0.016704"
"_omp_32_soc_SSSP_OMP_V_Topo_Push_IntType_ReadModifyWrite_Determ_Default_NoBoundsBug_Atomic_NoRangeBug.cpp
","0.007678"
"_omp_32_soc_SSSP_OMP_V_Topo_Pull_IntType_Determ_Default_NoBoundsBug_Atomic_NoRangeBug.cpp
","0.007350"
"_omp_32_soc_SSSP_OMP_V_Topo_Pull_IntType_NonDeterm_Default_NoBoundsBug_Atomic_NoRangeBug.cpp
","0.016573"
"_omp_32_soc_SSSP_OMP_V_Topo_Pull_IntType_Determ_Dynamic_NoBoundsBug_Atomic_NoRangeBug.cpp
","0.007352"
"_omp_32_soc_SSSP_OMP_V_Topo_Pull_IntType_NonDeterm_Dynamic_NoBoundsBug_Atomic_NoRangeBug.cpp
","0.016747"
