"filename","tc"
"16_rmat_TC_E_Block_NonPersist_BlockAdd_IntType_CudaAtomic.cu
","0.003615"
"16_rmat_TC_E_Block_NonPersist_GlobalAdd_IntType_CudaAtomic.cu
","0.038741"
"16_rmat_TC_E_Thread_NonPersist_GlobalAdd_IntType_CudaAtomic.cu
","0.190365"
"16_rmat_TC_E_Warp_NonPersist_Reduction_IntType_Atomic.cu
","0.276543"
"16_rmat_TC_E_Block_Persist_BlockAdd_IntType_Atomic.cu
","0.051297"
"16_rmat_TC_E_Warp_Persist_Reduction_IntType_Atomic.cu
","0.276265"
"16_rmat_TC_E_Warp_Persist_BlockAdd_IntType_Atomic.cu
","0.270590"
"16_rmat_TC_E_Block_Persist_GlobalAdd_IntType_Atomic.cu
","0.053952"
"16_rmat_TC_E_Thread_NonPersist_GlobalAdd_IntType_Atomic.cu
","0.185324"
"16_rmat_TC_E_Block_Persist_Reduction_IntType_Atomic.cu
","0.053001"
"16_rmat_TC_E_Thread_NonPersist_BlockAdd_IntType_Atomic.cu
","0.117573"
"16_rmat_TC_E_Thread_NonPersist_Reduction_IntType_CudaAtomic.cu
","0.115916"
"16_rmat_TC_E_Thread_Persist_Reduction_IntType_Atomic.cu
","0.191708"
"16_rmat_TC_E_Warp_NonPersist_BlockAdd_IntType_Atomic.cu
","0.276970"
"16_rmat_TC_E_Warp_NonPersist_GlobalAdd_IntType_CudaAtomic.cu
","0.053390"
"16_rmat_TC_E_Warp_Persist_Reduction_IntType_CudaAtomic.cu
","0.276319"
"16_rmat_TC_E_Thread_Persist_GlobalAdd_IntType_Atomic.cu
","0.192214"
"16_rmat_TC_E_Warp_NonPersist_GlobalAdd_IntType_Atomic.cu
","0.412383"
"16_rmat_TC_E_Thread_Persist_BlockAdd_IntType_Atomic.cu
","0.188327"
"16_rmat_TC_E_Block_Persist_GlobalAdd_IntType_CudaAtomic.cu
","0.024106"
"16_rmat_TC_E_Thread_Persist_Reduction_IntType_CudaAtomic.cu
","0.191590"
"16_rmat_TC_E_Thread_NonPersist_Reduction_IntType_Atomic.cu
","0.117604"
"16_rmat_TC_E_Block_NonPersist_GlobalAdd_IntType_Atomic.cu
","0.074950"
"16_rmat_TC_E_Thread_Persist_GlobalAdd_IntType_CudaAtomic.cu
","0.159835"
"16_rmat_TC_E_Block_NonPersist_Reduction_IntType_CudaAtomic.cu
","0.002391"
"16_rmat_TC_E_Block_NonPersist_Reduction_IntType_Atomic.cu
","0.050534"
"16_rmat_TC_E_Block_Persist_Reduction_IntType_CudaAtomic.cu
","0.052681"
"16_rmat_TC_E_Block_Persist_BlockAdd_IntType_CudaAtomic.cu
","0.051050"
"16_rmat_TC_E_Warp_NonPersist_Reduction_IntType_CudaAtomic.cu
","0.038514"
"16_rmat_TC_E_Warp_Persist_GlobalAdd_IntType_CudaAtomic.cu
","0.051758"
"16_rmat_TC_E_Thread_Persist_BlockAdd_IntType_CudaAtomic.cu
","0.188281"
"16_rmat_TC_E_Block_NonPersist_BlockAdd_IntType_Atomic.cu
","0.052503"
"16_rmat_TC_E_Warp_NonPersist_BlockAdd_IntType_CudaAtomic.cu
","0.038526"
"16_rmat_TC_E_Warp_Persist_BlockAdd_IntType_CudaAtomic.cu
","0.270619"
"16_rmat_TC_E_Warp_Persist_GlobalAdd_IntType_Atomic.cu
","0.277292"
"16_rmat_TC_E_Thread_NonPersist_BlockAdd_IntType_CudaAtomic.cu
","0.115805"
"16_rmat_TC_V_Warp_NonPersist_GlobalAdd_IntType_Atomic.cu
","0.155427"
"16_rmat_TC_V_Block_Persist_GlobalAdd_IntType_Atomic.cu
","0.069159"
"16_rmat_TC_V_Warp_NonPersist_GlobalAdd_IntType_CudaAtomic.cu
","0.044089"
"16_rmat_TC_V_Thread_Persist_BlockAdd_IntType_CudaAtomic.cu
","0.060786"
"16_rmat_TC_V_Block_NonPersist_Reduction_IntType_CudaAtomic.cu
","0.035683"
"16_rmat_TC_V_Warp_Persist_GlobalAdd_IntType_CudaAtomic.cu
","0.040830"
"16_rmat_TC_V_Block_NonPersist_GlobalAdd_IntType_CudaAtomic.cu
","0.046003"
"16_rmat_TC_V_Block_Persist_BlockAdd_IntType_CudaAtomic.cu
","0.065732"
"16_rmat_TC_V_Warp_Persist_BlockAdd_IntType_CudaAtomic.cu
","0.097434"
"16_rmat_TC_V_Thread_NonPersist_BlockAdd_IntType_CudaAtomic.cu
","0.058261"
"16_rmat_TC_V_Warp_NonPersist_Reduction_IntType_CudaAtomic.cu
","0.075308"
"16_rmat_TC_V_Thread_Persist_GlobalAdd_IntType_Atomic.cu
","0.061678"
"16_rmat_TC_V_Thread_NonPersist_GlobalAdd_IntType_CudaAtomic.cu
","0.015624"
"16_rmat_TC_V_Thread_Persist_Reduction_IntType_Atomic.cu
","0.060738"
"16_rmat_TC_V_Block_Persist_Reduction_IntType_CudaAtomic.cu
","0.066117"
"16_rmat_TC_V_Warp_NonPersist_BlockAdd_IntType_CudaAtomic.cu
","0.075262"
"16_rmat_TC_V_Thread_Persist_GlobalAdd_IntType_CudaAtomic.cu
","0.031685"
"16_rmat_TC_V_Block_NonPersist_BlockAdd_IntType_Atomic.cu
","0.078976"
"16_rmat_TC_V_Block_Persist_BlockAdd_IntType_Atomic.cu
","0.066109"
"16_rmat_TC_V_Block_NonPersist_GlobalAdd_IntType_Atomic.cu
","0.214338"
"16_rmat_TC_V_Block_Persist_GlobalAdd_IntType_CudaAtomic.cu
","0.041642"
"16_rmat_TC_V_Block_NonPersist_Reduction_IntType_Atomic.cu
","0.079456"
"16_rmat_TC_V_Thread_Persist_BlockAdd_IntType_Atomic.cu
","0.060781"
"16_rmat_TC_V_Warp_NonPersist_Reduction_IntType_Atomic.cu
","0.079600"
"16_rmat_TC_V_Warp_Persist_Reduction_IntType_CudaAtomic.cu
","0.097402"
"16_rmat_TC_V_Warp_NonPersist_BlockAdd_IntType_Atomic.cu
","0.079659"
"16_rmat_TC_V_Warp_Persist_Reduction_IntType_Atomic.cu
","0.097452"
"16_rmat_TC_V_Warp_Persist_GlobalAdd_IntType_Atomic.cu
","0.100689"
"16_rmat_TC_V_Thread_NonPersist_GlobalAdd_IntType_Atomic.cu
","0.071581"
"16_rmat_TC_V_Thread_NonPersist_Reduction_IntType_CudaAtomic.cu
","0.058164"
"16_rmat_TC_V_Block_Persist_Reduction_IntType_Atomic.cu
","0.066071"
"16_rmat_TC_V_Thread_Persist_Reduction_IntType_CudaAtomic.cu
","0.060729"
"16_rmat_TC_V_Block_NonPersist_BlockAdd_IntType_CudaAtomic.cu
","0.035692"
"16_rmat_TC_V_Thread_NonPersist_BlockAdd_IntType_Atomic.cu
","0.058230"
"16_rmat_TC_V_Thread_NonPersist_Reduction_IntType_Atomic.cu
","0.058258"
"16_rmat_TC_V_Warp_Persist_BlockAdd_IntType_Atomic.cu
","0.097425"
"16_2d_TC_E_Block_NonPersist_BlockAdd_IntType_CudaAtomic.cu
","0.002408"
"16_2d_TC_E_Block_NonPersist_GlobalAdd_IntType_CudaAtomic.cu
","0.088046"
"16_2d_TC_E_Thread_NonPersist_GlobalAdd_IntType_CudaAtomic.cu
","0.802423"
"16_2d_TC_E_Warp_NonPersist_Reduction_IntType_Atomic.cu
","0.644644"
"16_2d_TC_E_Block_Persist_BlockAdd_IntType_Atomic.cu
","0.088092"
"16_2d_TC_E_Warp_Persist_Reduction_IntType_Atomic.cu
","0.747437"
"16_2d_TC_E_Warp_Persist_BlockAdd_IntType_Atomic.cu
","0.740068"
"16_2d_TC_E_Block_Persist_GlobalAdd_IntType_Atomic.cu
","0.101333"
"16_2d_TC_E_Thread_NonPersist_GlobalAdd_IntType_Atomic.cu
","0.800896"
"16_2d_TC_E_Block_Persist_Reduction_IntType_Atomic.cu
","0.100952"
"16_2d_TC_E_Thread_NonPersist_BlockAdd_IntType_Atomic.cu
","0.800588"
"16_2d_TC_E_Thread_NonPersist_Reduction_IntType_CudaAtomic.cu
","0.696399"
"16_2d_TC_E_Thread_Persist_Reduction_IntType_Atomic.cu
","0.817760"
"16_2d_TC_E_Warp_NonPersist_BlockAdd_IntType_Atomic.cu
","0.645842"
"16_2d_TC_E_Warp_NonPersist_GlobalAdd_IntType_CudaAtomic.cu
","0.683008"
"16_2d_TC_E_Warp_Persist_Reduction_IntType_CudaAtomic.cu
","0.747060"
"16_2d_TC_E_Thread_Persist_GlobalAdd_IntType_Atomic.cu
","0.816812"
"16_2d_TC_E_Warp_NonPersist_GlobalAdd_IntType_Atomic.cu
","0.683565"
"16_2d_TC_E_Thread_Persist_BlockAdd_IntType_Atomic.cu
","0.817424"
"16_2d_TC_E_Block_Persist_GlobalAdd_IntType_CudaAtomic.cu
","0.090298"
"16_2d_TC_E_Thread_Persist_Reduction_IntType_CudaAtomic.cu
","0.814596"
"16_2d_TC_E_Thread_NonPersist_Reduction_IntType_Atomic.cu
","0.801174"
"16_2d_TC_E_Block_NonPersist_GlobalAdd_IntType_Atomic.cu
","0.087974"
"16_2d_TC_E_Thread_Persist_GlobalAdd_IntType_CudaAtomic.cu
","0.816800"
"16_2d_TC_E_Block_NonPersist_Reduction_IntType_CudaAtomic.cu
","0.002399"
"16_2d_TC_E_Block_NonPersist_Reduction_IntType_Atomic.cu
","0.061653"
"16_2d_TC_E_Block_Persist_Reduction_IntType_CudaAtomic.cu
","0.090349"
"16_2d_TC_E_Block_Persist_BlockAdd_IntType_CudaAtomic.cu
","0.088037"
"16_2d_TC_E_Warp_NonPersist_Reduction_IntType_CudaAtomic.cu
","0.037719"
"16_2d_TC_E_Warp_Persist_GlobalAdd_IntType_CudaAtomic.cu
","0.744795"
"16_2d_TC_E_Thread_Persist_BlockAdd_IntType_CudaAtomic.cu
","0.814407"
"16_2d_TC_E_Block_NonPersist_BlockAdd_IntType_Atomic.cu
","0.067503"
"16_2d_TC_E_Warp_NonPersist_BlockAdd_IntType_CudaAtomic.cu
","0.037708"
"16_2d_TC_E_Warp_Persist_BlockAdd_IntType_CudaAtomic.cu
","0.739673"
"16_2d_TC_E_Warp_Persist_GlobalAdd_IntType_Atomic.cu
","0.747590"
"16_2d_TC_E_Thread_NonPersist_BlockAdd_IntType_CudaAtomic.cu
","0.696394"
"16_2d_TC_V_Warp_NonPersist_GlobalAdd_IntType_Atomic.cu
","0.653397"
"16_2d_TC_V_Block_Persist_GlobalAdd_IntType_Atomic.cu
","0.207260"
"16_2d_TC_V_Warp_NonPersist_GlobalAdd_IntType_CudaAtomic.cu
","0.012319"
"16_2d_TC_V_Thread_Persist_BlockAdd_IntType_CudaAtomic.cu
","0.811913"
"16_2d_TC_V_Block_NonPersist_Reduction_IntType_CudaAtomic.cu
","0.009439"
"16_2d_TC_V_Warp_Persist_GlobalAdd_IntType_CudaAtomic.cu
","0.012088"
"16_2d_TC_V_Block_NonPersist_GlobalAdd_IntType_CudaAtomic.cu
","0.011855"
"16_2d_TC_V_Block_Persist_BlockAdd_IntType_CudaAtomic.cu
","0.205512"
"16_2d_TC_V_Warp_Persist_BlockAdd_IntType_CudaAtomic.cu
","0.816309"
"16_2d_TC_V_Thread_NonPersist_BlockAdd_IntType_CudaAtomic.cu
","0.778266"
"16_2d_TC_V_Warp_NonPersist_Reduction_IntType_CudaAtomic.cu
","0.127630"
"16_2d_TC_V_Thread_Persist_GlobalAdd_IntType_Atomic.cu
","0.708033"
"16_2d_TC_V_Thread_NonPersist_GlobalAdd_IntType_CudaAtomic.cu
","0.087338"
"16_2d_TC_V_Thread_Persist_Reduction_IntType_Atomic.cu
","0.814125"
"16_2d_TC_V_Block_Persist_Reduction_IntType_CudaAtomic.cu
","0.206068"
"16_2d_TC_V_Warp_NonPersist_BlockAdd_IntType_CudaAtomic.cu
","0.127789"
"16_2d_TC_V_Thread_Persist_GlobalAdd_IntType_CudaAtomic.cu
","0.087588"
"16_2d_TC_V_Block_NonPersist_BlockAdd_IntType_Atomic.cu
","0.157574"
"16_2d_TC_V_Block_Persist_BlockAdd_IntType_Atomic.cu
","0.205493"
"16_2d_TC_V_Block_NonPersist_GlobalAdd_IntType_Atomic.cu
","0.214794"
"16_2d_TC_V_Block_Persist_GlobalAdd_IntType_CudaAtomic.cu
","0.011653"
"16_2d_TC_V_Block_NonPersist_Reduction_IntType_Atomic.cu
","0.155009"
"16_2d_TC_V_Thread_Persist_BlockAdd_IntType_Atomic.cu
","0.813152"
"16_2d_TC_V_Warp_NonPersist_Reduction_IntType_Atomic.cu
","0.768829"
"16_2d_TC_V_Warp_Persist_Reduction_IntType_CudaAtomic.cu
","0.818708"
"16_2d_TC_V_Warp_NonPersist_BlockAdd_IntType_Atomic.cu
","0.772402"
"16_2d_TC_V_Warp_Persist_Reduction_IntType_Atomic.cu
","0.820147"
"16_2d_TC_V_Warp_Persist_GlobalAdd_IntType_Atomic.cu
","0.666696"
"16_2d_TC_V_Thread_NonPersist_GlobalAdd_IntType_Atomic.cu
","0.685342"
"16_2d_TC_V_Thread_NonPersist_Reduction_IntType_CudaAtomic.cu
","0.779877"
"16_2d_TC_V_Block_Persist_Reduction_IntType_Atomic.cu
","0.206030"
"16_2d_TC_V_Thread_Persist_Reduction_IntType_CudaAtomic.cu
","0.811900"
"16_2d_TC_V_Block_NonPersist_BlockAdd_IntType_CudaAtomic.cu
","0.009444"
"16_2d_TC_V_Thread_NonPersist_BlockAdd_IntType_Atomic.cu
","0.792834"
"16_2d_TC_V_Thread_NonPersist_Reduction_IntType_Atomic.cu
","0.793016"
"16_2d_TC_V_Warp_Persist_BlockAdd_IntType_Atomic.cu
","0.819024"
"16_co_TC_E_Block_NonPersist_BlockAdd_IntType_CudaAtomic.cu
","0.002414"
"16_co_TC_E_Block_NonPersist_GlobalAdd_IntType_CudaAtomic.cu
","0.002668"
"16_co_TC_E_Thread_NonPersist_GlobalAdd_IntType_CudaAtomic.cu
","0.101229"
"16_co_TC_E_Warp_NonPersist_Reduction_IntType_Atomic.cu
","0.342162"
"16_co_TC_E_Block_Persist_BlockAdd_IntType_Atomic.cu
","0.034109"
"16_co_TC_E_Warp_Persist_Reduction_IntType_Atomic.cu
","0.342419"
"16_co_TC_E_Warp_Persist_BlockAdd_IntType_Atomic.cu
","0.340915"
"16_co_TC_E_Block_Persist_GlobalAdd_IntType_Atomic.cu
","0.030642"
"16_co_TC_E_Thread_NonPersist_GlobalAdd_IntType_Atomic.cu
","0.295878"
"16_co_TC_E_Block_Persist_Reduction_IntType_Atomic.cu
","0.034333"
"16_co_TC_E_Thread_NonPersist_BlockAdd_IntType_Atomic.cu
","0.244935"
"16_co_TC_E_Thread_NonPersist_Reduction_IntType_CudaAtomic.cu
","0.244411"
"16_co_TC_E_Thread_Persist_Reduction_IntType_Atomic.cu
","0.192391"
"16_co_TC_E_Warp_NonPersist_BlockAdd_IntType_Atomic.cu
","0.342582"
"16_co_TC_E_Warp_NonPersist_GlobalAdd_IntType_CudaAtomic.cu
","0.005236"
"16_co_TC_E_Warp_Persist_Reduction_IntType_CudaAtomic.cu
","0.342840"
"16_co_TC_E_Thread_Persist_GlobalAdd_IntType_Atomic.cu
","0.211022"
"16_co_TC_E_Warp_NonPersist_GlobalAdd_IntType_Atomic.cu
","0.073023"
"16_co_TC_E_Thread_Persist_BlockAdd_IntType_Atomic.cu
","0.192034"
"16_co_TC_E_Block_Persist_GlobalAdd_IntType_CudaAtomic.cu
","0.002584"
"16_co_TC_E_Thread_Persist_Reduction_IntType_CudaAtomic.cu
","0.199403"
"16_co_TC_E_Thread_NonPersist_Reduction_IntType_Atomic.cu
","0.244846"
"16_co_TC_E_Block_NonPersist_GlobalAdd_IntType_Atomic.cu
","0.037121"
"16_co_TC_E_Thread_Persist_GlobalAdd_IntType_CudaAtomic.cu
","0.094682"
"16_co_TC_E_Block_NonPersist_Reduction_IntType_CudaAtomic.cu
","0.002410"
"16_co_TC_E_Block_NonPersist_Reduction_IntType_Atomic.cu
","0.053393"
"16_co_TC_E_Block_Persist_Reduction_IntType_CudaAtomic.cu
","0.034085"
"16_co_TC_E_Block_Persist_BlockAdd_IntType_CudaAtomic.cu
","0.034047"
"16_co_TC_E_Warp_NonPersist_Reduction_IntType_CudaAtomic.cu
","0.038514"
"16_co_TC_E_Warp_Persist_GlobalAdd_IntType_CudaAtomic.cu
","0.005063"
"16_co_TC_E_Thread_Persist_BlockAdd_IntType_CudaAtomic.cu
","0.199006"
"16_co_TC_E_Block_NonPersist_BlockAdd_IntType_Atomic.cu
","0.056072"
"16_co_TC_E_Warp_NonPersist_BlockAdd_IntType_CudaAtomic.cu
","0.038468"
"16_co_TC_E_Warp_Persist_BlockAdd_IntType_CudaAtomic.cu
","0.340246"
"16_co_TC_E_Warp_Persist_GlobalAdd_IntType_Atomic.cu
","0.069377"
"16_co_TC_E_Thread_NonPersist_BlockAdd_IntType_CudaAtomic.cu
","0.243542"
"16_co_TC_V_Warp_NonPersist_GlobalAdd_IntType_Atomic.cu
","0.067117"
"16_co_TC_V_Block_Persist_GlobalAdd_IntType_Atomic.cu
","0.105120"
"16_co_TC_V_Warp_NonPersist_GlobalAdd_IntType_CudaAtomic.cu
","0.043912"
"16_co_TC_V_Thread_Persist_BlockAdd_IntType_CudaAtomic.cu
","0.022454"
"16_co_TC_V_Block_NonPersist_Reduction_IntType_CudaAtomic.cu
","0.089417"
"16_co_TC_V_Warp_Persist_GlobalAdd_IntType_CudaAtomic.cu
","0.040356"
"16_co_TC_V_Block_NonPersist_GlobalAdd_IntType_CudaAtomic.cu
","0.093423"
"16_co_TC_V_Block_Persist_BlockAdd_IntType_CudaAtomic.cu
","0.099754"
"16_co_TC_V_Warp_Persist_BlockAdd_IntType_CudaAtomic.cu
","0.050221"
"16_co_TC_V_Thread_NonPersist_BlockAdd_IntType_CudaAtomic.cu
","0.024977"
"16_co_TC_V_Warp_NonPersist_Reduction_IntType_CudaAtomic.cu
","0.064140"
"16_co_TC_V_Thread_Persist_GlobalAdd_IntType_Atomic.cu
","0.022614"
"16_co_TC_V_Thread_NonPersist_GlobalAdd_IntType_CudaAtomic.cu
","0.016884"
"16_co_TC_V_Thread_Persist_Reduction_IntType_Atomic.cu
","0.022557"
"16_co_TC_V_Block_Persist_Reduction_IntType_CudaAtomic.cu
","0.101443"
"16_co_TC_V_Warp_NonPersist_BlockAdd_IntType_CudaAtomic.cu
","0.064177"
"16_co_TC_V_Thread_Persist_GlobalAdd_IntType_CudaAtomic.cu
","0.016344"
"16_co_TC_V_Block_NonPersist_BlockAdd_IntType_Atomic.cu
","0.137307"
"16_co_TC_V_Block_Persist_BlockAdd_IntType_Atomic.cu
","0.099865"
"16_co_TC_V_Block_NonPersist_GlobalAdd_IntType_Atomic.cu
","0.318233"
"16_co_TC_V_Block_Persist_GlobalAdd_IntType_CudaAtomic.cu
","0.078844"
"16_co_TC_V_Block_NonPersist_Reduction_IntType_Atomic.cu
","0.140680"
"16_co_TC_V_Thread_Persist_BlockAdd_IntType_Atomic.cu
","0.022456"
"16_co_TC_V_Warp_NonPersist_Reduction_IntType_Atomic.cu
","0.065042"
"16_co_TC_V_Warp_Persist_Reduction_IntType_CudaAtomic.cu
","0.050250"
"16_co_TC_V_Warp_NonPersist_BlockAdd_IntType_Atomic.cu
","0.065000"
"16_co_TC_V_Warp_Persist_Reduction_IntType_Atomic.cu
","0.050276"
"16_co_TC_V_Warp_Persist_GlobalAdd_IntType_Atomic.cu
","0.050890"
"16_co_TC_V_Thread_NonPersist_GlobalAdd_IntType_Atomic.cu
","0.024870"
"16_co_TC_V_Thread_NonPersist_Reduction_IntType_CudaAtomic.cu
","0.024979"
"16_co_TC_V_Block_Persist_Reduction_IntType_Atomic.cu
","0.099791"
"16_co_TC_V_Thread_Persist_Reduction_IntType_CudaAtomic.cu
","0.022449"
"16_co_TC_V_Block_NonPersist_BlockAdd_IntType_CudaAtomic.cu
","0.089337"
"16_co_TC_V_Thread_NonPersist_BlockAdd_IntType_Atomic.cu
","0.024982"
"16_co_TC_V_Thread_NonPersist_Reduction_IntType_Atomic.cu
","0.024988"
"16_co_TC_V_Warp_Persist_BlockAdd_IntType_Atomic.cu
","0.050274"
"16_soc_TC_E_Block_NonPersist_BlockAdd_IntType_CudaAtomic.cu
","0.002402"
"16_soc_TC_E_Block_NonPersist_GlobalAdd_IntType_CudaAtomic.cu
","0.004734"
"16_soc_TC_E_Thread_NonPersist_GlobalAdd_IntType_CudaAtomic.cu
","0.096161"
"16_soc_TC_E_Warp_NonPersist_Reduction_IntType_Atomic.cu
","0.331181"
"16_soc_TC_E_Block_Persist_BlockAdd_IntType_Atomic.cu
","0.033640"
"16_soc_TC_E_Warp_Persist_Reduction_IntType_Atomic.cu
","0.278528"
"16_soc_TC_E_Warp_Persist_BlockAdd_IntType_Atomic.cu
","0.278519"
"16_soc_TC_E_Block_Persist_GlobalAdd_IntType_Atomic.cu
","0.034815"
"16_soc_TC_E_Thread_NonPersist_GlobalAdd_IntType_Atomic.cu
","0.251924"
"16_soc_TC_E_Block_Persist_Reduction_IntType_Atomic.cu
","0.033531"
"16_soc_TC_E_Thread_NonPersist_BlockAdd_IntType_Atomic.cu
","0.194533"
"16_soc_TC_E_Thread_NonPersist_Reduction_IntType_CudaAtomic.cu
","0.191311"
"16_soc_TC_E_Thread_Persist_Reduction_IntType_Atomic.cu
","0.216050"
"16_soc_TC_E_Warp_NonPersist_BlockAdd_IntType_Atomic.cu
","0.332067"
"16_soc_TC_E_Warp_NonPersist_GlobalAdd_IntType_CudaAtomic.cu
","0.007903"
"16_soc_TC_E_Warp_Persist_Reduction_IntType_CudaAtomic.cu
","0.278523"
"16_soc_TC_E_Thread_Persist_GlobalAdd_IntType_Atomic.cu
","0.223464"
"16_soc_TC_E_Warp_NonPersist_GlobalAdd_IntType_Atomic.cu
","0.212530"
"16_soc_TC_E_Thread_Persist_BlockAdd_IntType_Atomic.cu
","0.212325"
"16_soc_TC_E_Block_Persist_GlobalAdd_IntType_CudaAtomic.cu
","0.004604"
"16_soc_TC_E_Thread_Persist_Reduction_IntType_CudaAtomic.cu
","0.219106"
"16_soc_TC_E_Thread_NonPersist_Reduction_IntType_Atomic.cu
","0.194496"
"16_soc_TC_E_Block_NonPersist_GlobalAdd_IntType_Atomic.cu
","0.059766"
"16_soc_TC_E_Thread_Persist_GlobalAdd_IntType_CudaAtomic.cu
","0.093652"
"16_soc_TC_E_Block_NonPersist_Reduction_IntType_CudaAtomic.cu
","0.002411"
"16_soc_TC_E_Block_NonPersist_Reduction_IntType_Atomic.cu
","0.052646"
"16_soc_TC_E_Block_Persist_Reduction_IntType_CudaAtomic.cu
","0.033433"
"16_soc_TC_E_Block_Persist_BlockAdd_IntType_CudaAtomic.cu
","0.033720"
"16_soc_TC_E_Warp_NonPersist_Reduction_IntType_CudaAtomic.cu
","0.038472"
"16_soc_TC_E_Warp_Persist_GlobalAdd_IntType_CudaAtomic.cu
","0.007703"
"16_soc_TC_E_Thread_Persist_BlockAdd_IntType_CudaAtomic.cu
","0.216015"
"16_soc_TC_E_Block_NonPersist_BlockAdd_IntType_Atomic.cu
","0.054778"
"16_soc_TC_E_Warp_NonPersist_BlockAdd_IntType_CudaAtomic.cu
","0.038484"
"16_soc_TC_E_Warp_Persist_BlockAdd_IntType_CudaAtomic.cu
","0.278482"
"16_soc_TC_E_Warp_Persist_GlobalAdd_IntType_Atomic.cu
","0.194883"
"16_soc_TC_E_Thread_NonPersist_BlockAdd_IntType_CudaAtomic.cu
","0.188887"
"16_soc_TC_V_Warp_NonPersist_GlobalAdd_IntType_Atomic.cu
","0.006945"
"16_soc_TC_V_Block_Persist_GlobalAdd_IntType_Atomic.cu
","0.036036"
"16_soc_TC_V_Warp_NonPersist_GlobalAdd_IntType_CudaAtomic.cu
","0.006373"
"16_soc_TC_V_Thread_Persist_BlockAdd_IntType_CudaAtomic.cu
","0.002038"
"16_soc_TC_V_Block_NonPersist_Reduction_IntType_CudaAtomic.cu
","0.032161"
"16_soc_TC_V_Warp_Persist_GlobalAdd_IntType_CudaAtomic.cu
","0.005440"
"16_soc_TC_V_Block_NonPersist_GlobalAdd_IntType_CudaAtomic.cu
","0.056919"
"16_soc_TC_V_Block_Persist_BlockAdd_IntType_CudaAtomic.cu
","0.035040"
"16_soc_TC_V_Warp_Persist_BlockAdd_IntType_CudaAtomic.cu
","0.005752"
"16_soc_TC_V_Thread_NonPersist_BlockAdd_IntType_CudaAtomic.cu
","0.002330"
"16_soc_TC_V_Warp_NonPersist_Reduction_IntType_CudaAtomic.cu
","0.006917"
"16_soc_TC_V_Thread_Persist_GlobalAdd_IntType_Atomic.cu
","0.002048"
"16_soc_TC_V_Thread_NonPersist_GlobalAdd_IntType_CudaAtomic.cu
","0.001995"
"16_soc_TC_V_Thread_Persist_Reduction_IntType_Atomic.cu
","0.003086"
"16_soc_TC_V_Block_Persist_Reduction_IntType_CudaAtomic.cu
","0.052809"
"16_soc_TC_V_Warp_NonPersist_BlockAdd_IntType_CudaAtomic.cu
","0.010438"
"16_soc_TC_V_Thread_Persist_GlobalAdd_IntType_CudaAtomic.cu
","0.002787"
"16_soc_TC_V_Block_NonPersist_BlockAdd_IntType_Atomic.cu
","0.117253"
"16_soc_TC_V_Block_Persist_BlockAdd_IntType_Atomic.cu
","0.052693"
"16_soc_TC_V_Block_NonPersist_GlobalAdd_IntType_Atomic.cu
","0.128314"
"16_soc_TC_V_Block_Persist_GlobalAdd_IntType_CudaAtomic.cu
","0.045536"
"16_soc_TC_V_Block_NonPersist_Reduction_IntType_Atomic.cu
","0.117256"
"16_soc_TC_V_Thread_Persist_BlockAdd_IntType_Atomic.cu
","0.003085"
"16_soc_TC_V_Warp_NonPersist_Reduction_IntType_Atomic.cu
","0.010403"
"16_soc_TC_V_Warp_Persist_Reduction_IntType_CudaAtomic.cu
","0.008705"
"16_soc_TC_V_Warp_NonPersist_BlockAdd_IntType_Atomic.cu
","0.010405"
"16_soc_TC_V_Warp_Persist_Reduction_IntType_Atomic.cu
","0.008704"
"16_soc_TC_V_Warp_Persist_GlobalAdd_IntType_Atomic.cu
","0.008790"
"16_soc_TC_V_Thread_NonPersist_GlobalAdd_IntType_Atomic.cu
","0.003547"
"16_soc_TC_V_Thread_NonPersist_Reduction_IntType_CudaAtomic.cu
","0.003526"
"16_soc_TC_V_Block_Persist_Reduction_IntType_Atomic.cu
","0.052664"
"16_soc_TC_V_Thread_Persist_Reduction_IntType_CudaAtomic.cu
","0.003085"
"16_soc_TC_V_Block_NonPersist_BlockAdd_IntType_CudaAtomic.cu
","0.048375"
"16_soc_TC_V_Thread_NonPersist_BlockAdd_IntType_Atomic.cu
","0.003525"
"16_soc_TC_V_Thread_NonPersist_Reduction_IntType_Atomic.cu
","0.003526"
"16_soc_TC_V_Warp_Persist_BlockAdd_IntType_Atomic.cu
","0.008703"
"16_ny_TC_E_Block_NonPersist_BlockAdd_IntType_CudaAtomic.cu
","0.008256"
"16_ny_TC_E_Block_NonPersist_GlobalAdd_IntType_CudaAtomic.cu
","0.326678"
"16_ny_TC_E_Thread_NonPersist_GlobalAdd_IntType_CudaAtomic.cu
","1.112815"
"16_ny_TC_E_Warp_NonPersist_Reduction_IntType_Atomic.cu
","2.324556"
"16_ny_TC_E_Block_Persist_BlockAdd_IntType_Atomic.cu
","0.376730"
"16_ny_TC_E_Warp_Persist_Reduction_IntType_Atomic.cu
","5.406006"
"16_ny_TC_E_Warp_Persist_BlockAdd_IntType_Atomic.cu
","4.297406"
"16_ny_TC_E_Block_Persist_GlobalAdd_IntType_Atomic.cu
","0.427703"
"16_ny_TC_E_Thread_NonPersist_GlobalAdd_IntType_Atomic.cu
","20.878842"
"16_ny_TC_E_Block_Persist_Reduction_IntType_Atomic.cu
","0.444101"
"16_ny_TC_E_Thread_NonPersist_BlockAdd_IntType_Atomic.cu
","17.369495"
"16_ny_TC_E_Thread_NonPersist_Reduction_IntType_CudaAtomic.cu
","3.365424"
"16_ny_TC_E_Thread_Persist_Reduction_IntType_Atomic.cu
","19.272026"
"16_ny_TC_E_Warp_NonPersist_BlockAdd_IntType_Atomic.cu
","2.324803"
"16_ny_TC_E_Warp_NonPersist_GlobalAdd_IntType_CudaAtomic.cu
","0.917162"
"16_ny_TC_E_Warp_Persist_Reduction_IntType_CudaAtomic.cu
","4.743409"
"16_ny_TC_E_Thread_Persist_GlobalAdd_IntType_Atomic.cu
","19.252306"
"16_ny_TC_E_Warp_NonPersist_GlobalAdd_IntType_Atomic.cu
","2.955077"
"16_ny_TC_E_Thread_Persist_BlockAdd_IntType_Atomic.cu
","19.248852"
"16_ny_TC_E_Block_Persist_GlobalAdd_IntType_CudaAtomic.cu
","0.401161"
"16_ny_TC_E_Thread_Persist_Reduction_IntType_CudaAtomic.cu
","9.479305"
"16_ny_TC_E_Thread_NonPersist_Reduction_IntType_Atomic.cu
","17.429717"
"16_ny_TC_E_Block_NonPersist_GlobalAdd_IntType_Atomic.cu
","0.307162"
"16_ny_TC_E_Thread_Persist_GlobalAdd_IntType_CudaAtomic.cu
","1.112758"
"16_ny_TC_E_Block_NonPersist_Reduction_IntType_CudaAtomic.cu
","0.008281"
"16_ny_TC_E_Block_NonPersist_Reduction_IntType_Atomic.cu
","0.244100"
"16_ny_TC_E_Block_Persist_Reduction_IntType_CudaAtomic.cu
","0.439816"
"16_ny_TC_E_Block_Persist_BlockAdd_IntType_CudaAtomic.cu
","0.376530"
"16_ny_TC_E_Warp_NonPersist_Reduction_IntType_CudaAtomic.cu
","0.130164"
"16_ny_TC_E_Warp_Persist_GlobalAdd_IntType_CudaAtomic.cu
","0.852991"
"16_ny_TC_E_Thread_Persist_BlockAdd_IntType_CudaAtomic.cu
","9.483632"
"16_ny_TC_E_Block_NonPersist_BlockAdd_IntType_Atomic.cu
","0.237191"
"16_ny_TC_E_Warp_NonPersist_BlockAdd_IntType_CudaAtomic.cu
","0.129634"
"16_ny_TC_E_Warp_Persist_BlockAdd_IntType_CudaAtomic.cu
","3.990574"
"16_ny_TC_E_Warp_Persist_GlobalAdd_IntType_Atomic.cu
","5.034140"
"16_ny_TC_E_Thread_NonPersist_BlockAdd_IntType_CudaAtomic.cu
","3.442924"
"16_ny_TC_V_Warp_NonPersist_GlobalAdd_IntType_Atomic.cu
","2.115976"
"16_ny_TC_V_Block_Persist_GlobalAdd_IntType_Atomic.cu
","0.639912"
"16_ny_TC_V_Warp_NonPersist_GlobalAdd_IntType_CudaAtomic.cu
","0.029743"
"16_ny_TC_V_Thread_Persist_BlockAdd_IntType_CudaAtomic.cu
","10.280516"
"16_ny_TC_V_Block_NonPersist_Reduction_IntType_CudaAtomic.cu
","0.022880"
"16_ny_TC_V_Warp_Persist_GlobalAdd_IntType_CudaAtomic.cu
","0.029573"
"16_ny_TC_V_Block_NonPersist_GlobalAdd_IntType_CudaAtomic.cu
","0.029437"
"16_ny_TC_V_Block_Persist_BlockAdd_IntType_CudaAtomic.cu
","0.713661"
"16_ny_TC_V_Warp_Persist_BlockAdd_IntType_CudaAtomic.cu
","6.236294"
"16_ny_TC_V_Thread_NonPersist_BlockAdd_IntType_CudaAtomic.cu
","8.390557"
"16_ny_TC_V_Warp_NonPersist_Reduction_IntType_CudaAtomic.cu
","0.367637"
"16_ny_TC_V_Thread_Persist_GlobalAdd_IntType_Atomic.cu
","2.154305"
"16_ny_TC_V_Thread_NonPersist_GlobalAdd_IntType_CudaAtomic.cu
","0.231482"
"16_ny_TC_V_Thread_Persist_Reduction_IntType_Atomic.cu
","21.452974"
"16_ny_TC_V_Block_Persist_Reduction_IntType_CudaAtomic.cu
","0.655952"
"16_ny_TC_V_Warp_NonPersist_BlockAdd_IntType_CudaAtomic.cu
","0.367622"
"16_ny_TC_V_Thread_Persist_GlobalAdd_IntType_CudaAtomic.cu
","0.229740"
"16_ny_TC_V_Block_NonPersist_BlockAdd_IntType_Atomic.cu
","0.537199"
"16_ny_TC_V_Block_Persist_BlockAdd_IntType_Atomic.cu
","0.644938"
"16_ny_TC_V_Block_NonPersist_GlobalAdd_IntType_Atomic.cu
","0.710940"
"16_ny_TC_V_Block_Persist_GlobalAdd_IntType_CudaAtomic.cu
","0.029681"
"16_ny_TC_V_Block_NonPersist_Reduction_IntType_Atomic.cu
","0.540790"
"16_ny_TC_V_Thread_Persist_BlockAdd_IntType_Atomic.cu
","21.510542"
"16_ny_TC_V_Warp_NonPersist_Reduction_IntType_Atomic.cu
","5.485834"
"16_ny_TC_V_Warp_Persist_Reduction_IntType_CudaAtomic.cu
","6.236504"
"16_ny_TC_V_Warp_NonPersist_BlockAdd_IntType_Atomic.cu
","5.491998"
"16_ny_TC_V_Warp_Persist_Reduction_IntType_Atomic.cu
","6.766043"
"16_ny_TC_V_Warp_Persist_GlobalAdd_IntType_Atomic.cu
","2.281580"
"16_ny_TC_V_Thread_NonPersist_GlobalAdd_IntType_Atomic.cu
","2.433605"
"16_ny_TC_V_Thread_NonPersist_Reduction_IntType_CudaAtomic.cu
","8.482506"
"16_ny_TC_V_Block_Persist_Reduction_IntType_Atomic.cu
","0.722235"
"16_ny_TC_V_Thread_Persist_Reduction_IntType_CudaAtomic.cu
","11.766595"
"16_ny_TC_V_Block_NonPersist_BlockAdd_IntType_CudaAtomic.cu
","0.022703"
"16_ny_TC_V_Thread_NonPersist_BlockAdd_IntType_Atomic.cu
","23.540281"
"16_ny_TC_V_Thread_NonPersist_Reduction_IntType_Atomic.cu
","23.565010"
"16_ny_TC_V_Warp_Persist_BlockAdd_IntType_Atomic.cu
","6.762119"
